,title,post_id,kind_name,floor_str,price,section_name,role_name,area,contact,refresh_time,station,distance
0,近永春捷運站8分升官祿財貴人房.CP質讚,13556295,分租套房,5F/5F,"10,555",信義區,屋主,5,何小姐,5小時內,松山站,596
1,內科共生宅，全新家具！垃圾代收含網路,13556082,分租套房,4F/5F,"10,500",內湖區,代理人,4,林女士,7小時內,西湖站,349
2,近東湖捷運分租套房(獨立洗衣機、對外窗）,13555632,分租套房,4F/4F,"11,000",內湖區,屋主,6,林小姐,9小時內,東湖站,350
3,師大古亭捷運一分鐘,13554850,分租套房,5F/5F,"11,500",大安區,屋主,6,盧先生,7小時內,古亭站,202
4,捷運北門站/超值套房/含水費網路第四台,13554211,分租套房,4F/4F,"11,000",大同區,屋主,5.1,伍小姐,12小時內,北門站,320
5,超優質1+1套房、永春站2分鐘超方便,13553651,分租套房,1F/1F,"9,000",信義區,屋主,7,林小姐,7小時內,永春站,277
6,中山區松江南京捷運站步行3分鐘電梯華廈,13553688,分租套房,3F/7F,"12,000",中山區,屋主,6,陳小姐,15小時內,松江南京站,212
7,葫洲東湖捷運小資首選代收包裹電梯套房,13552981,分租套房,B1/13F,"9,500",內湖區,仲介,6,陳先生,15小時內,葫洲站,225
8,中山捷運新光誠品百貨套房,13549951,分租套房,2F/3F,"9,000",中山區,代理人,6,斯先生,22小時內,中山站,187
9,歡迎短租捷運站安靜的套雅房任選寵物新樂園,13549939,分租套房,3F/4F,"12,000",信義區,屋主,7,周媽媽,2小時內,永春站,540
10,(謝絕房仲)吉祥八德套房,13549188,分租套房,3F/5F,"11,000",松山區,屋主,6,陳先生,2天前,南京三民站,275
11,江南街與瑞光路口全新裝潢北歐風優質套房,13548394,分租套房,2F/4F,"10,000",內湖區,屋主,5,王小姐,2天前,港墘站,423
12,房間廁所有窗雙連捷運商圈中山北路馬偕醫院,13547209,分租套房,4F/5F,"10,000",大同區,代理人,5,蔡先生,7小時內,雙連站,205
13,美樂*師大首選一樓套房*方正格局*秒租,13546907,分租套房,1F/4F,"11,000",中正區,仲介,6,曾先生,2天前,台電大樓站,443
14,"永春捷運站附近鄰近松山車站,交通便利",13543717,分租套房,2F/4F,"9,500",信義區,屋主,6,徐小姐,7小時內,永春站,262
15,師大夜市安靜公寓/兩面採光,13543699,分租套房,3F/4F,"12,000",大安區,仲介,5,邱先生,3天前,台電大樓站,287
16,陽明大學套房,13461424,分租套房,1F/5F,"11,500",北投區,屋主,10,程小姐,2天前,唭哩岸站,480
17,屋主自租，通風及光線良好!,13543062,分租套房,5F/5F,"11,000",北投區,屋主,7,林先生,23小時內,石牌站,300
18,八德路建國北路口近忠孝新生忠孝復興新套房,13542482,分租套房,2F/3F,"9,000",大安區,屋主,5,陳小姐,18小時內,忠孝新生站,687
19,分租套房，近萬隆捷運站及台師大,13542023,分租套房,1F/4F,"9,500",文山區,屋主,6,林小姐,7小時內,萬隆站,191
20,行天宮捷運站精美套房(吉林路236巷C),13541461,分租套房,2F/2F,"10,000",中山區,屋主,7,陳小姐,7小時內,行天宮站,346
21,近北車優質套房上班族最愛,13540583,分租套房,7F/9F,"10,500",大同區,仲介,5,陳小姐,4天前,大橋頭站,361
22,捷運行天宮站優質套房，上班族の最愛,13540576,分租套房,3F/3F,"12,000",中山區,仲介,5.5,陳小姐,4天前,行天宮站,247
23,"近捷運港墘站,737巷夜市－分租套房",13539724,分租套房,3F/5F,"9,500",內湖區,屋主,5.5,周先生,4天前,港墘站,205
24,近高鐵捷運南港站南港軟體園區低樓層,13539637,分租套房,1F/4F,"11,000",南港區,屋主,7,周小姐,15小時內,南港站,577
25,新式優質裝潢，商旅式管理豪華小套房,13539488,分租套房,4F/4F,"11,000",北投區,代理人,10,蔡先生,7小時內,明德站,259
26,東門捷運站永康商圈套房,13539369,分租套房,頂樓加蓋/5F,"12,000",大安區,屋主,5,趙小姐,7小時內,東門站,236
27,🌷捷運善導寺⭐️小資套房非頂加採光好,13539195,分租套房,5F/5F,"9,800",中山區,仲介,6,熊先生,4天前,善導寺站,625
28,疫情大降價內湖站走路2分鐘公園旁大套房,13539052,分租套房,1F/5F,"11,999",內湖區,仲介,8,郭小姐,56分鐘內,內湖站,209
29,離塵不離城套房,13538725,分租套房,1F/3F,"11,111",文山區,仲介,7,張先生,4天前,景美站,587
30,近光華商場走路5分鐘,13537420,分租套房,5F/7F,"12,000",中山區,代理人,4,張先生,20小時內,善導寺站,598
31,近北車，舒適套房，專人管理，上班族最愛,13536462,分租套房,7F/9F,"10,800",大同區,仲介,6,陳小姐,5天前,大橋頭站,361
32,"一樓房東自租,龍山寺捷運站2分鐘全新裝潢",13536120,分租套房,1F/5F,"9,000",萬華區,屋主,5,蔡小姐,5天前,龍山寺站,313
33,"近市府捷運站,溫馨裝潢套房",13536067,分租套房,1F/4F,"12,000",信義區,屋主,6,林小姐,5天前,市政府站,569
34,@近士林捷運站分租套房,13535602,分租套房,3F/3F,"10,000",士林區,屋主,5,王先生,5天前,士林站,93
35,永康街79號5F套房租金含水網路可短租,13534330,分租套房,5F/6F,"12,000",大安區,屋主,14,趙先生,22小時內,東門站,565
36,邊間雙採光套房,13533984,分租套房,4F/4F,"9,000",南港區,代理人,7,謝先生,15小時內,南港站,695
37,劍潭站整排對外窗獨立曬衣垃圾代收套房LY,13533554,分租套房,3F/4F,"10,999",士林區,仲介,6,黎先生,8小時內,劍潭站,438
38,近德明科大美麗華商圈及劍南路西湖捷運站,13533361,分租套房,6F/6F,"11,500",內湖區,屋主,10,高先生,18小時內,文湖國小站,30
39,師大附近獨立衛浴設備,13533223,分租套房,3F/5F,"9,000",大安區,屋主,6,蕭先生,5天前,師大綜合大樓站,94
40,南京三民捷運站附近精緻套房,13532996,分租套房,3F/5F,"11,000",松山區,屋主,6,陳小姐,7小時內,南京三民站,351
41,古亭3號出口房東在美國便宜租，加賴聯絡,13532210,分租套房,2F/4F,"11,800",大安區,屋主,9,林先生,6小時內,古亭站,190
42,古亭8号出口房東在美國便宜租加賴聯絡,13532173,分租套房,4F/4F,"11,800",中正區,屋主,9,林先生,6小時內,古亭站,442
43,短租/台大/台科大/公館/羅斯福路,13531262,分租套房,2F/4F,"11,000",中正區,仲介,4,陳先生,22小時內,公館站,334
44,秒殺松江南京站6分鐘陽光可貓套房,13530501,分租套房,2F/3F,"9,000",中山區,代理人,5,孫先生,2小時內,雙連站,603
45,"台捷運、師台大商圈,臨公園，鬧中取靜便捷",13516629,分租套房,3F/4F,"11,000",中正區,屋主,7,陳先生,6天前,台電大樓站,514
46,捷運內湖站星雲大套房,13528915,分租套房,4F/5F,"10,000",內湖區,仲介,7,張小姐,14小時內,內湖站,550
47,捷運內湖站星雲大套房,13528912,分租套房,4F/5F,"10,000",內湖區,仲介,7,張小姐,6天前,內湖站,550
48,劍潭站格局方正寬頻大套房(二面對外窗),13528411,分租套房,4F/5F,"9,000",士林區,屋主,6,柯先生,2天前,劍潭站,757
49,永康商區臨沂街舒適套房生活機能佳,13528056,分租套房,B1/5F,"10,000",中正區,屋主,6,賴先生,2小時內,東門站,155
50,長安東新生北裝潢高雅頂加分租套房環境單純,13478496,分租套房,頂樓加蓋/4F,"11,500",中山區,仲介,6,羅先生,21小時內,善導寺站,531
51,免爬高樓層/附個人專用洗衣機之分租套房,13527981,分租套房,2F/5F,"9,000",內湖區,屋主,8,廖小姐,7小時內,東湖站,734
52,可短租獨立洗衣機信義安和站通化臨江夜市,13527878,分租套房,3F/4F,"12,000",大安區,屋主,5,陳先生,22小時內,信義安和站,427
53,xxx號2樓,13527713,分租套房,2F/4F,"11,000",大安區,屋主,6,王太太,2天前,六張犁站,398
54,近台大、台科大、師大分部,13526274,分租套房,1F/7F,"11,500",文山區,屋主,6,林先生,2天前,師大分部站,172
55,松山路松山車站，松山捷運出口站旁獨立套房,13526022,分租套房,4F/4F,"10,500",信義區,代理人,10,譚先生,2天前,松山站,318
56,中山國小近捷運通風精省套房D6570,13525762,分租套房,頂樓加蓋/4F,"10,000",中山區,仲介,5,郭先生,4天前,中山國小站,265
57,*中山國小超值3A套房D6838,13525755,分租套房,3F/4F,"11,000",中山區,仲介,6,郭先生,4天前,中山國小站,472
58,永春捷運邊間美套房（有三間含瓦斯費),13525434,分租套房,3F/4F,"9,500",信義區,仲介,6,蔡先生,7天前,永春站,282
59,"北門小資超值,可寵,可報稅,可入籍,可補",13525334,分租套房,4F/4F,"11,000",大同區,仲介,5.1,林先生,7天前,北門站,320
60,((出租))萬芳捷運套房,13523849,分租套房,頂樓加蓋/5F,"11,500",文山區,屋主,8,蔡小姐,2天前,萬芳醫院站,481
61,((出租))萬芳捷運套房,13523624,分租套房,5F/5F,"12,000",文山區,屋主,8,蔡小姐,2天前,萬芳醫院站,481
62,近中山國中站龍江路優質舒適套房,13522554,分租套房,4F/4F,"12,000",中山區,代理人,7,莊先生,7小時內,中山國中站,313
63,捷運邊優質套房~包網路~第四台~水費搶租,13522202,分租套房,5F/5F,"11,000",南港區,代理人,8,何先生,3天前,南港展覽館站,236
64,大降價~近捷運~重慶北~民權西路~非頂加,13522029,分租套房,5F/5F,"10,500",大同區,仲介,7,蘇先生,17小時內,大橋頭站,146
65,可寵/獨網300M/對外窗/近文德站內科,10976447,分租套房,5F/5F,"10,000",內湖區,屋主,5,李小姐,7天前,文德站,497
66,歡迎短租捷運站旁安靜的套雅房任選寵物樂園,13519791,分租套房,5F/6F,"12,000",內湖區,屋主,7,李老師,2小時內,西湖站,97
67,內科雙人套房8分鐘到捷運可開伙,13519772,分租套房,3F/4F,"10,600",內湖區,屋主,6,趙太太,19小時內,港墘站,360
68,玉成公園全新透天分租套房（一樓及二樓）,13519207,分租套房,1F/2F,"11,000",南港區,仲介,7,邱先生,4天前,後山埤站,694
69,台北車站溫馨套房，有窗採光好，交通便利,13518532,分租套房,3F/4F,"9,800",大同區,仲介,5,張先生,15小時內,台北車站,340
70,捷運內湖站分租套房,13517561,分租套房,2F/5F,"9,500",內湖區,仲介,7,張先生,15小時內,內湖站,387
71,"生活機能好,交通方便",13513160,分租套房,3F/5F,"12,000",北投區,代理人,10,李小姐,18小時內,石牌站,480
72,超優西門町套房交通便利近捷運站,13512198,分租套房,4F/6F,"10,500",萬華區,屋主,5,沈太太,7小時內,北門站,225
73,高檔設備齊全+漂亮屋況好套房錯過等明年,13512130,分租套房,2F/3F,"12,000",北投區,仲介,4,楊小姐,8天前,唭哩岸站,225
74,優質套房出租近台北車站、高鐵、捷運站,13510811,分租套房,4F/11F,"12,000",大同區,屋主,7,王小姐,9天前,北門站,183
75,靠近台北車站,13510357,分租套房,3F/4F,"10,000",中正區,屋主,7,劉先生,4天前,台北車站,478
76,舒適便捷環境宜人應有盡有小套房,13510165,分租套房,2F/3F,"9,800",士林區,屋主,11,李小姐,5天前,士林站,564
77,近內科，走路就可以上班,13509765,分租套房,1F/5F,"10,000",內湖區,屋主,4,郭先生,19小時內,港墘站,537
78,★吉林路民權東路口.公寓雅致套房★,13509540,分租套房,5F/5F,"9,500",中山區,仲介,7,顧先生,22小時內,行天宮站,373
79,八德路靜巷分租套房,13509295,分租套房,4F/4F,"12,000",松山區,代理人,7,李先生,11小時內,南京三民站,351
80,大降价南京東路雙捷運電梯華廈近微風,13508341,分租套房,9F/12F,"11,000",松山區,屋主,5.5,施先生,12小時內,南京復興站,397
81,一個寧靜雅緻的窩居,13506665,分租套房,5F/5F,"11,000",內湖區,屋主,7,藍先生,16小時內,西湖站,130
82,精美分租套房，近台北醫學大學，生活機能佳,13506394,分租套房,2F/7F,"12,000",信義區,仲介,5,廖先生,14小時內,吳興街派出所站,69
83,行天宮旁精美超大套房,13506158,分租套房,2F/5F,"11,500",中山區,代理人,8,劉先生,7小時內,建北站,157
84,生活機能佳交通便利250巷,13505219,分租套房,2F/6F,"11,000",松山區,屋主,7,胡太太,14小時內,南京三民站,409
85,民權東路2段/錦州街套房,13504760,分租套房,3F/4F,"10,000",中山區,屋主,8,陳先生,11天前,行天宮站,242
86,捷運芝山站近5分鐘套房,13504170,分租套房,3F/3F,"9,500",士林區,屋主,4,郭小姐,11天前,芝山站,370
87,明德捷運採光大套房附家俱、冷氣管理佳,13504107,分租套房,4F/4F,"11,500",北投區,仲介,10,陳小姐,昨日,明德站,263
88,近西門站套房/免仲介費/設備齊全,13503914,分租套房,4F/4F,"12,000",萬華區,代理人,6,羅小姐,17小時內,龍山寺站,549
89,漢口街套房.西門町近捷運站.清新風格電梯,13503760,分租套房,8F/10F,"12,000",萬華區,仲介,8,郝小姐,11天前,西門站,508
90,溫馨時尚捷運套房,13502499,分租套房,5F/5F,"10,500",內湖區,屋主,7,王小姐,3天前,東湖站,443
91,捷運套房乾濕分離獨立洗衣,13500637,分租套房,1F/5F,"10,800",內湖區,仲介,5,郭S,2小時內,內湖站,209
92,捷運小巨蛋站1號出口,13500390,分租套房,4F/4F,"10,600",松山區,代理人,6,盧先生,9小時內,台北小巨蛋站,141
93,行天宮捷運站(民生東路@吉林路口),13499522,分租套房,4F/4F,"11,000",中山區,代理人,5,張先生,20小時內,行天宮站,326
94,限女生-捷運站走路2分鐘生活機能便利,13499343,分租套房,3F/3F,"10,000",大同區,代理人,4.8,潘小姐,7小時內,中山站,79
95,全新裝潢設計套房，可短租，近捷運、公車站,13498724,分租套房,1F/3F,"10,000",萬華區,代理人,5,賴小姐,8小時內,龍山寺站,516
96,東湖站2分鐘，乾淨裝潢套房，誠租可議,13498557,分租套房,4F/4F,"11,500",內湖區,代理人,5.5,賈先生,3小時內,東湖站,196
97,"近港墘捷運站,附近有公園",13498199,分租套房,3F/4F,"11,500",內湖區,屋主,5,詹小姐,15小時內,港墘站,622
98,一流設計師精心規劃，地中海風情，全新完工,13497541,分租套房,2F/5F,"11,000",內湖區,屋主,7,劉小姐,7小時內,港墘站,494
99,永康商圈優質套房,13492957,分租套房,4F/4F,"10,000",中正區,屋主,6,馬先生,20小時內,東門站,226
100,捷運中山站旁(小資套房),13492766,分租套房,2F/4F,"9,500",中山區,代理人,5,值班人員,9天前,中山站,191
101,◎近永春捷運站林口街商圈全新裝潢生活方便,13492202,分租套房,4F/4F,"11,000",信義區,仲介,3,蔡先生,14小時內,永春站,591
102,超值套房近龍山捷運華西街,13490640,分租套房,3F/4F,"9,000",萬華區,屋主,5,黃先生,5小時內,龍山寺站,326
103,分租套房近西湖捷運站2樓邊間,13489000,分租套房,2F/4F,"11,500",內湖區,仲介,6,張先生,8天前,西湖站,394
104,🏠找小吳最便宜🍎雙捷運電梯衛浴開窗套,13488604,分租套房,4F/12F,"12,000",中山區,仲介,12,中信小吳,10小時內,雙連站,571
105,劍潭站五分鐘垃圾代收廁開窗家具齊套房LY,13485829,分租套房,3F/5F,"10,499",士林區,仲介,5,黎先生,8小時內,劍潭站,438
106,【古亭捷運】採光大對外窗-變頻冷氣,13481556,分租套房,3F/3F,"10,500",中正區,代理人,7.5,盧先生,12小時內,古亭站,519
107,近松山車站♡綠地公園旁♡可申請租補,13481150,分租套房,3F/4F,"12,000",信義區,仲介,5,林小姐,20小時內,松山站,450
108,雙捷運美妝套房~(可報稅)【預約賞屋】,13480053,分租套房,3F/4F,"12,000",信義區,仲介,5,彭先生,10小時內,松山站,450
109,近劍潭站5分鐘家具全代收垃圾開走道窗LY,13478264,分租套房,3F/5F,"10,499",士林區,仲介,5,柯小姐,19小時內,劍潭站,438
110,近永春站套房/林口街商圈全新裝潢生活方便,13475464,分租套房,4F/4F,"11,000",信義區,仲介,3,值班先生,22小時內,永春站,591
111,近港墘捷運站737內科環境佳一樓套房,13474912,分租套房,1F/5F,"11,000",內湖區,仲介,6,吳小姐,21小時內,港墘站,380
112,近景美捷運站愛買商圈房間採光明亮,13474324,分租套房,4F/4F,"9,800",文山區,屋主,8,林小姐,13天前,景美站,347
113,古亭捷運站附近，生活交通便利，精裝修套房,13474197,分租套房,3F/4F,"9,200",中正區,屋主,4.5,游先生,7小時內,古亭站,173
114,1樓小閣樓套房(近松山文創),13473413,分租套房,1F/1F,"11,000",松山區,屋主,5,張先生,7小時內,南京三民站,652
115,套房內科德明科大捷運西湖站,13473235,分租套房,2F/5F,"9,000",內湖區,屋主,4,陳小姐,5天前,西湖站,352
116,北車商圈分租套房,13471082,分租套房,5F/5F,"11,000",大同區,仲介,7,洪先生,2天前,台北車站,351
117,捷運永春站明亮便捷的家，全聯3分鐘,13470911,分租套房,4F/4F,"10,500",信義區,屋主,5,林先生,7小時內,永春站,405
118,興隆路一段套房出租(僅餘一間欲租從速),13469062,分租套房,1F/5F,"11,000",文山區,屋主,5,蔣先生,8小時內,萬隆站,712
119,近港墘站，全新變頻冷氣，套房代收垃圾,13467410,分租套房,5F/5F,"9,500",內湖區,仲介,6,練先生,5天前,港墘站,195
120,近湖光市場雙人床套房,13466824,分租套房,5F/5F,"9,300",內湖區,屋主,6,馬小姐,23小時內,內湖站,398
121,古亭捷運站二樓雅寓美套房,13465356,分租套房,2F/4F,"12,000",中正區,仲介,6,林小姐,21小時內,古亭站,551
122,台電大樓捷運站~電梯套房,13465205,分租套房,3F/12F,"12,000",大安區,仲介,7,林小姐,21小時內,台電大樓站,375
123,近永春站3分鐘低樓層有對外窗可煮可寵LY,13463692,分租套房,3F/4F,"11,999",信義區,仲介,5,柯小姐,19小時內,永春站,153
124,後山碑邊間美套房(300M網路),13460462,分租套房,5F/5F,"11,000",南港區,仲介,7,蔡先生,18天前,後山埤站,197
125,敦化大安超值套房□招租中！,13457692,分租套房,3F/4F,"12,000",大安區,仲介,5,蔡先生,11小時內,忠孝復興站,338
126,內湖捷運站優質套房#採光佳#生活機能好,13457454,分租套房,2F/5F,"12,000",內湖區,屋主,7,許先生,13小時內,內湖站,340
127,近文昌橋旁免爬梯家具全開走道窗LY,13457117,分租套房,1F/1F,"9,999",士林區,仲介,4,柯小姐,19小時內,士林站,595
128,徵室友紅線明德捷運站步行6分鐘,13456855,分租套房,5F/5F,"10,000",北投區,代理人,22,劉小姐,11天前,明德站,543
129,優貭精緻陽光套房,13456492,分租套房,2F/5F,"9,000",北投區,屋主,6,唐先生,2天前,北投站,464
130,內湖套房(近內湖港漧捷運站/內湖高工),13456312,分租套房,4F/5F,"12,000",內湖區,屋主,6,張先生,17天前,劍南路站,405
131,美麗華、德明科技大學附近一樓精美套房,13456306,分租套房,1F/5F,"10,000",內湖區,屋主,6,柯小姐,2小時內,西湖站,642
132,台北市南港區忠孝東路六段478號3樓,13456281,分租套房,3F/5F,"9,000",南港區,屋主,7,鄭先生,24小時內,昆陽站,178
133,六張犁捷運精緻.典雅.舒適有fu套房,13456258,分租套房,5F/5F,"11,000",大安區,屋主,6,溫小姐,19小時內,六張犁站,249
134,免費南京東路13樓套7坪1萬2仟近捷運,13455994,分租套房,13F/15F,"12,000",松山區,仲介,7,林小姐免收仲介费,7小時內,南京三民站,588
135,中山北門台北捷運套房,13455278,分租套房,6F/8F,"12,000",大同區,仲介,8,陳先生,20天前,台北車站,466
136,石牌捷運靜巷美套房,13454538,分租套房,4F/4F,"9,000",北投區,仲介,5,陳小姐,22小時內,石牌站,448
137,南京三民/寧靜巷弄、生活機能優、對外窗、,13453306,分租套房,頂樓加蓋/5F,"12,000",松山區,仲介,8,陳先生,20小時內,南京三民站,509
138,【免仲介費】港墘捷運漂亮套房,13453109,分租套房,3F/4F,"11,500",內湖區,仲介,6,張先生,14天前,港墘站,622
139,"溫馨套房,近捷運,含網路第四台和水費",13452599,分租套房,4F/4F,"11,000",內湖區,屋主,8,徐先生,7小時內,東湖站,396
140,多間鄉野2樓套房租8千、萬元卧浴2窗通風,13450971,分租套房,2F/3F,"10,000",中山區,屋主,7,李小姐,2小時內,中山國小站,717
141,內科超值套房西湖站旁空調光纖第四台,13450272,分租套房,5F/6F,"9,500",內湖區,屋主,8,程媽媽,21天前,西湖站,395
142,"仁愛路四段高級地段,優質套房,輕鬆入住",13450128,分租套房,2F/7F,"11,000",大安區,屋主,6,吳太太,6天前,信義安和站,413
143,民生社區分租套房（B室）,13449262,分租套房,4F/4F,"12,000",松山區,屋主,4,涂先生,7小時內,民生敦化路口站,62
144,窩心精緻套房，近劍潭捷運站，近銘傳大學,13447997,分租套房,4F/4F,"11,000",士林區,屋主,9,陳小姐,7小時內,劍潭站,592
145,萬隆捷運站步行一分鐘小套房,13446491,分租套房,2F/5F,"11,000",文山區,屋主,4,蕭先生,7小時內,師大分部站,35
146,西門捷運站獨立洗衣機典雅裝潢套房,13441957,分租套房,2F/3F,"10,300",萬華區,屋主,6,何先生,4天前,西門站,706
147,明德站5分鐘獨立陽台洗衣機大套房,13441118,分租套房,5F/5F,"10,000",北投區,仲介,6,涂先生,22天前,明德站,236
148,寧靜單純套房(近737巷)麗山高中旁,13440194,分租套房,1F/5F,"9,500",內湖區,屋主,6,吳先生,7小時內,港墘站,608
149,超優惠套房近台大師大及古亭台電捷運站,13440358,分租套房,2F/4F,"9,500",大安區,代理人,5,王先生,7小時內,師大綜合大樓站,64
150,"民生東+敦北商圈,對外窗",13439555,分租套房,4F/5F,"10,000",松山區,屋主,4,張先生,7小時內,中山國中站,481
151,押金一個月，優質裝潢附冰箱，近內湖園區,13439477,分租套房,4F/5F,"10,500",內湖區,代理人,6.5,張先生,2小時內,港墘站,489
152,雅緻地中海風格優質，近捷運站、內湖園區,13439474,分租套房,4F/5F,"9,000",內湖區,代理人,6,張先生,17小時內,港墘站,489
153,緊鄰中正紀念堂及福利中心,13437394,分租套房,5F/5F,"10,000",中正區,屋主,5,呂小姐,23天前,仁愛紹興街口站,113
154,設備齊全/變頻冷氣/乾濕分離/一樓套房,13436012,分租套房,1F/5F,"11,000",文山區,屋主,9,陳小姐,14天前,萬芳醫院站,671
155,近北車/中山站，台水/電收費雅房,13435640,分租套房,5F/6F,"10,000",大同區,代理人,5,黃小姐,24天前,中山站,361
156,近港墘.西湖捷運站.內科正對面套房,13432617,分租套房,3F/4F,"12,000",內湖區,仲介,6,吳小姐,21小時內,港墘站,398
157,科技大樓國北教大台大法律學院優質套房,13432285,分租套房,2F/4F,"10,800",大安區,屋主,5,張先生,7小時內,科技大樓站,458
158,溫馨安全電梯小套房,13432084,分租套房,6F/7F,"10,500",中正區,代理人,7,莊阿姨,22小時內,西門站,308
159,★吉林路民權東路口，公寓精緻套房★,13431945,分租套房,5F/5F,"9,500",中山區,仲介,6,萬先生,6小時內,行天宮站,373
160,小資高CP分租套房,13428945,分租套房,4F/5F,"9,500",內湖區,仲介,4,林小姐,25天前,文德站,528
161,景華公園學生精緻套房,13427288,分租套房,5F/5F,"9,000",文山區,仲介,8,黃先生,25天前,景美站,373
162,預告12/13起SOGO微風雙捷運套房,13427661,分租套房,4F/4F,"10,000",大安區,屋主,6,梁先生,16小時內,忠孝復興站,392
163,榮星花園分租套房,13427567,分租套房,整棟/4F,"12,000",中山區,仲介,7,海小姐,22小時內,榮星花園站,53
164,西門町商圈大採光時尚美套房,13426787,分租套房,4F/5F,"11,000",萬華區,屋主,6,施先生,10天前,西門站,248
165,優質套房9000(包水、網路100M光纖,13425788,分租套房,5F/5F,"9,000",萬華區,屋主,9,邱小姐,26天前,龍山寺站,678
166,近光華商場走路5分鐘,13422579,分租套房,5F/7F,"12,000",中山區,代理人,4,張先生,20小時內,善導寺站,598
167,內湖科學院區西湖站五號套房,13418555,分租套房,4F/5F,"10,000",內湖區,代理人,6,呂小姐,6天前,西湖站,325
168,捷運步行三分鐘最美採光套房極優,13417829,分租套房,2F/3F,"11,500",北投區,仲介,5,享富嘉嘉,8天前,唭哩岸站,225
169,短期優質乾淨和安靜套房出租,13416510,分租套房,3F/5F,"11,000",中正區,屋主,4,曾太太,7小時內,古亭站,509
170,中山國小站旁-分租套房出租,13415124,分租套房,4F/5F,"9,500",中山區,仲介,6,李先生,20小時內,中山國小站,206
171,四間套房分租,13412506,分租套房,1F/1F,"9,000",大安區,屋主,5,謝先生,7小時內,龍門國中(辛亥路口)站,143
172,北醫吳興學區套房含水電不含冷氣,13411247,分租套房,4F/5F,"9,700",信義區,屋主,6.5,陳先生,7小時內,吳興街派出所站,44
173,安免費收垃圾，內湖站旁大套房內湖港墘文,13409457,分租套房,6F/6F,"10,500",內湖區,仲介,6,郭小姐,2小時內,內湖站,597
174,近捷運站、大學，乾淨溫馨、生活機能超優,13409062,分租套房,5F/5F,"9,500",中山區,屋主,6,李小姐,24天前,中山國小站,530
175,✨雙人豪華(分租套房)出租✨,13407714,分租套房,2F/11F,"12,000",萬華區,代理人,4,許小姐,29天前,西門站,537
176,溫馨頂樓挑高套房,13406911,分租套房,頂樓加蓋/4F,"9,000",信義區,屋主,6,王小姐,3天前,後山埤站,430
177,@@士林捷運邊間大套房@@,13406146,分租套房,4F/4F,"11,000",士林區,仲介,6,鄭小姐,19天前,士林站,491
178,板南線後山埤站4號出口第一棟大廈近市政府,13405140,分租套房,6F/7F,"9,800",南港區,屋主,4,王先生,7小時內,後山埤站,86
179,內湖站旁套房/近內科/超商.超市.市場,13404838,分租套房,3F/5F,"11,000",內湖區,屋主,5,賴先生,2天前,內湖站,162
180,內湖精品套房,13404663,分租套房,1F/5F,"9,000",內湖區,仲介,4.5,翁先生,2天前,內湖站,650
181,●近捷運站●簡約小套房●東區最低價●,13403670,分租套房,3F/4F,"9,000",大安區,代理人,5,蕭先生,13小時內,忠孝復興站,528
182,近中山國中捷運站到內湖也方便,13378015,分租套房,頂樓加蓋/5F,"9,500",中山區,屋主,7,王先生,28天前,中山國中站,653
183,寧夏路家樂福大同分局旁，裝潢新生活機能優,13368111,分租套房,1F/2F,"12,000",大同區,屋主,6,陳太太,7小時內,大橋頭站,519
184,西湖(內科)捷運站大大套房（1分鐘）,13309597,分租套房,5F/5F,"9,800",內湖區,屋主,8,李先生,7小時內,西湖站,25
0,"南勢角捷運6分鐘,精美優質小資套房",13556324,分租套房,5F/6F,"12,000",中和區,仲介,6,周小姐,2小時內,南勢角站,380
1,🎉永寧站採光電梯大套房-大家房屋胡小偉,13555339,分租套房,4F/10F,"12,000",土城區,仲介,10,胡先生,10小時內,土城站,781
2,🎉永寧站電梯套房-大家房屋胡小偉,13555338,分租套房,4F/10F,"9,000",土城區,仲介,8,胡先生,10小時內,土城站,781
3,小碧潭站新店高中旁全新裝潢分租套房,13555095,分租套房,4F/5F,"12,000",新店區,代理人,5,林先生,11小時內,小碧潭站,727
4,飯店式大樓套房,13554781,分租套房,3F/12F,"10,500",三重區,屋主,5.5,盧小姐,12小時內,三重國小站,226
5,丹鳳站整排窗沙發套房@獨立陽台洗衣機曬衣,13554720,分租套房,4F/5F,"10,000",新莊區,代理人,11,侯先生,11小時內,丹鳳站,602
6,大坪林捷運站/矽谷對面大套房,13553910,分租套房,頂樓加蓋/5F,"11,500",新店區,仲介,11,陳小姐,7小時內,大坪林站,520
7,板橋捷運/溫馨優雅套房,13553825,分租套房,1F/3F,"10,000",板橋區,仲介,7,張小姐,15小時內,板橋站,240
8,【質感裝修】三重國小站分租美套房,13553516,分租套房,4F/4F,"11,800",三重區,仲介,6,李小姐,15小時內,三重國小站,252
9,電梯好房不等人~,13553287,分租套房,頂樓加蓋/7F,"9,200",蘆洲區,仲介,6,趙先生,15小時內,蘆洲站,550
10,自租~亞東捷運~邊間採光套房~獨洗~可貓,13553282,分租套房,頂樓加蓋/4F,"10,000",土城區,屋主,8,邱先生,7小時內,亞東醫院站,460
11,近裕民路商圈、運動公園溫馨小套房,13550293,分租套房,2F/5F,"9,000",土城區,屋主,6,高先生,7小時內,海山站,558
12,租透天厝全新裝潢套房,13550310,分租套房,3F/3F,"10,500",淡水區,仲介,7,陳小姐,21小時內,竹圍站,700
13,全新優質套房!家具好又新!環境佳安全舒適,13550309,分租套房,3F/5F,"11,000",新莊區,屋主,9,買小姐,7小時內,新北產業園區站,325
14,免仲介費、近景安站、可養貓、大邊間採光,13549919,分租套房,3F/5F,"9,500",中和區,代理人,6,黃先生,13小時內,景安站,349
15,九千元起!內詳!獨立洗衣機+大陽台+可貓,13549175,分租套房,4F/4F,"9,000",中和區,代理人,4,黃先生,12小時內,南勢角站,525
16,中和廟口，離中永和近、禁煙、可養貓,13548776,分租套房,頂樓加蓋/5F,"11,000",中和區,代理人,8,張小姐,9小時內,永安市場站,677
17,三重國小捷運站裝潢套房出租自5-2,13548519,分租套房,5F/5F,"10,300",三重區,屋主,7,陳小姐,2天前,三重國小站,563
18,大坪林捷運佳瑪百貨旁套房出租,13548157,分租套房,5F/5F,"9,500",新店區,代理人,6,劉先生,2天前,大坪林站,304
19,捷運新店區公所走路3分鐘,13547954,分租套房,5F/7F,"10,000",新店區,屋主,8,林先生,16小時內,新店區公所站,116
20,保安路分租套房大陽台近頂溪捷運站,13547488,分租套房,5F/5F,"11,000",永和區,仲介,7,林先生,18小時內,頂溪站,760
21,NET🎉城科北藝自強路分租美套🎉,13546578,分租套房,2F/5F,"9,500",淡水區,仲介,5,吳怡蓁,16小時內,竹圍站,655
22,捷運站8分鐘一房一廳一衛全新有陽台,13546296,分租套房,7F/7F,"11,000",淡水區,代理人,10,黃先生,7小時內,淡水站,520
23,"dua+設計師合法捷運宅,微風運河旁",13546145,分租套房,5F/6F,"11,800",蘆洲區,代理人,7,郭小姐,2小時內,蘆洲站,632
24,🌺自租對外窗室內陽台蘆洲徐匯捷運線橘線,13545065,分租套房,5F/5F,"9,500",三重區,屋主,8,林先生,3天前,徐匯中學站,624
25,新莊區近新莊運動萬坪公園,13377118,分租套房,2F/4F,"9,800",新莊區,屋主,6.5,宋先生,7小時內,新莊站,771
26,近府中超低樓層可貓可狗共用大陽台,13544357,分租套房,2F/4F,"9,000",板橋區,仲介,5.5,汪先生,18小時內,府中站,673
27,近板橋新埔捷運站生活機能佳!房間新!!,13544209,分租套房,5F/5F,"9,500",板橋區,屋主,9,黃先生,7小時內,環狀線新埔民生站,759
28,"府中精美套房,2樓免仲介費",13543479,分租套房,2F/5F,"12,000",板橋區,仲介,6,林先生,3天前,府中站,636
29,新泰路新裝潢套房近新莊捷運站,13542451,分租套房,3F/5F,"9,000",新莊區,屋主,6,黃先生,15分鐘內,新莊站,407
30,全新裝潢改裝含廚套房(近大坪林捷運站),4490817,分租套房,3F/4F,"11,500",新店區,屋主,8,李先生,7小時內,大坪林站,486
31,頂溪捷運站中興街套房,13540180,分租套房,4F/5F,"11,500",永和區,仲介,6,徐先生,20小時內,頂溪站,353
32,中正路耕莘醫院旁套房,13539801,分租套房,3F/4F,"10,000",新店區,代理人,4,周先生,4天前,小碧潭站,652
33,七張捷運二樓套房,13538039,分租套房,2F/4F,"9,000",新店區,仲介,5,朱先生,16小時內,七張站,301
34,捷運美套房近碧潭,13537977,分租套房,B1/5F,"9,500",新店區,仲介,7,洪小姐,16小時內,新店站,170
35,獨立陽台.近捷運.裕民.健工-禁菸寵,13536637,分租套房,5F/5F,"12,000",板橋區,屋主,7,徐小姐,9小時內,環狀線新埔民生站,544
36,有陽台套房近重陽路及自強路口生活機能好,13536526,分租套房,5F/5F,"11,000",三重區,屋主,8,鄭先生,17小時內,三重國小站,423
37,免仲介費🌞有飲水機舒適套房,13534613,分租套房,5F/5F,"9,000",板橋區,仲介,6.5,楊先生,3天前,環狀線新埔民生站,765
38,🌞免仲介費、設備齊全馬上可住,13534611,分租套房,5F/5F,"9,000",板橋區,仲介,6,楊先生,3天前,環狀線新埔民生站,765
39,丹鳳捷運分租套房~全新整理、機能優,13533715,分租套房,3F/4F,"12,000",新莊區,仲介,9.5,值班人員,5天前,輔大站,591
40,新店區公所站3分鐘明亮套房,13532870,分租套房,5F/5F,"10,400",新店區,代理人,6,黃先生,5天前,新店區公所站,185
41,近菜寮650M~黃金2樓1房1廳+陽台,13532478,分租套房,2F/5F,"11,800",三重區,仲介,8,張小姐,2小時內,菜寮站,450
42,短租一樓套房板橋捷運站5分鐘.水泥隔音好,13530906,分租套房,1F/5F,"9,900",板橋區,屋主,4,陳小姐,10小時內,板橋站,513
43,新莊分租套房/近頭前庄捷運站,13530339,分租套房,4F/4F,"9,000",新莊區,屋主,9.5,吳女士,20小時內,頭前庄站,650
44,2樓獨立對外大陽台，樓下優美公園,13530281,分租套房,2F/4F,"9,800",蘆洲區,屋主,7,林玉純,7小時內,三民高中站,517
45,捷運寧靜套房,13527693,分租套房,4F/4F,"9,800",新店區,屋主,6.5,賀先生,12小時內,新店區公所站,382
46,捷運3分鐘！有窗通風。電梯大套房,13526757,分租套房,3F/5F,"11,500",三重區,屋主,8,蔡太太,3天前,三和國中站,139
47,三重爬樓梯2樓大套房及雙窗雅房分租,13526058,分租套房,2F/5F,"12,000",三重區,屋主,10,陳先生,2天前,三和國中站,653
48,捷運三和國中、大採光、靜巷、獨立洗衣,13525307,分租套房,頂樓加蓋/5F,"9,000",三重區,仲介,8,戴小姐,7小時內,台北橋站,346
49,费免永福街4樓2電梯套9坪1萬三和國中捷,13524161,分租套房,4F/7F,"10,000",三重區,仲介,9,林小姐免收仲介费,7小時內,徐匯中學站,630
50,四川路套房亞東醫院捷運站亞東科大遠東園,13523847,分租套房,2F/12F,"11,000",板橋區,屋主,6,謝先生,2小時內,亞東醫院站,392
51,輔大捷運好事多-全新裝潢電梯大樓,13523667,分租套房,10F/10F,"10,000",新莊區,代理人,6,張小姐,23小時內,輔大站,342
52,房東包水包網路可貓可報稅南勢角站可開伙,13523465,分租套房,4F/4F,"9,600",中和區,屋主,9,陳先生,4天前,景平站,477
53,💖近中研院展覽館生活機能佳套房💖,13522898,分租套房,5F/5F,"12,000",汐止區,仲介,7,艾倫,21小時內,南港展覽館站,509
54,大坪林全新裝潢套房,13522257,分租套房,4F/4F,"11,000",新店區,仲介,8,秦小姐,7天前,大坪林站,380
55,力行壹樓#優套房(大總管王小燁),13521913,分租套房,1F/4F,"11,000",三重區,仲介,6,王小姐,18小時內,三和國中站,488
56,四號公園河岸精裝套房出租(陽光舒適宅),13519048,分租套房,4F/4F,"11,000",永和區,屋主,6,張先生,2小時內,永安市場站,363
57,永安捷運四號公園有陽台套房--免收服務費,13518225,分租套房,5F/5F,"9,200",永和區,代理人,7.5,舒國蓉,8天前,永安市場站,439
58,徐匯捷運全新整理裝潢一層二戶邊間生活便利,13517401,分租套房,5F/5F,"11,000",蘆洲區,屋主,12,劉小姐,20小時內,三民高中站,709
59,近捷運站＊全新裝璜＊傢電齊全＊電梯大樓,13517081,分租套房,3F/13F,"12,000",三重區,仲介,10,吳先生,8天前,徐匯中學站,322
60,新店-小資族首選@高CP優質精緻大空間,13516955,分租套房,4F/5F,"9,000",新店區,仲介,10,值班人員,22小時內,大坪林站,783
61,免仲介費~菜寮捷運~光明路重安街套房,13515444,分租套房,4F/5F,"11,000",三重區,代理人,6,李先生,22小時內,菜寮站,400
62,大坪林乾淨整潔方正採光獨立洗衣機頂加LY,13514919,分租套房,頂樓加蓋/5F,"10,999",新店區,仲介,6,袁先生,7小時內,大坪林站,172
63,🏡蘆洲捷運5分鐘|低樓層|陽台|落地窗,13436309,分租套房,2F/5F,"11,100",蘆洲區,屋主,8,彭小姐,7天前,蘆洲站,420
64,近三和國中力行路1樓套房包水第四台網路,13513335,分租套房,1F/4F,"11,000",三重區,仲介,6,吳小姐,2小時內,三和國中站,511
65,徐匯中學5樓套房,13512884,分租套房,頂樓加蓋/4F,"11,500",三重區,仲介,6,劉小姐,7小時內,三和國中站,441
66,南雅商圈分租套房,13509888,分租套房,1F/5F,"10,000",板橋區,仲介,5,許先生,2天前,府中站,533
67,近大坪林站3分鐘獨立洗衣機有開對外窗LY,13507666,分租套房,頂樓加蓋/5F,"10,998",新店區,仲介,6,柯小姐,19小時內,大坪林站,172
68,萬坪公園.溫馨套房.有對外窗,13507655,分租套房,2F/4F,"9,800",新莊區,仲介,7,黃小姐,11小時內,新莊站,797
69,🔥獨立陽台🔥近南勢角捷運🔥套房🔥,13507014,分租套房,4F/4F,"9,500",中和區,仲介,7,施先生,15小時內,華夏科技大學站,66
70,江子翠捷運站大樓分租10500起,13506902,分租套房,18F/22F,"10,500",板橋區,屋主,4,Mr. 林,7小時內,江子翠站,683
71,新莊商圈/獨洗/採光佳/免爬高/秒殺,13506252,分租套房,2F/4F,"10,500",新莊區,仲介,7,林小姐,2天前,新莊站,783
72,捷運海山站步行3分鐘交通便利，生活機能佳,13504911,分租套房,頂樓加蓋/5F,"9,000",土城區,屋主,5,李小姐,7小時內,海山站,46
73,仁愛街精美質感套房！離捷運站近,13504718,分租套房,2F/5F,"10,000",淡水區,代理人,5,林先生,昨日,淡水站,363
74,三樓耕莘醫院對面靜巷套房,13504248,分租套房,3F/4F,"9,000",新店區,屋主,6,李先生,7小時內,小碧潭站,607
75,優質套房出租,13502945,分租套房,4F/5F,"10,500",板橋區,代理人,7,李先生,7小時內,新埔站,226
76,中山路二段乾淨舒適&請看說明,13502483,分租套房,頂樓加蓋/5F,"10,000",中和區,屋主,8,呂先生,20小時內,橋和站,312
77,輔大捷運好事多全新裝潢電梯大樓有警衛,13502036,分租套房,10F/10F,"12,000",新莊區,代理人,6,張小姐,23小時內,輔大站,342
78,中正中華行政大套房,13501560,分租套房,5F/5F,"11,000",新莊區,仲介,8,侯小姐,16小時內,新莊站,426
79,光線充足生活機能佳,13500893,分租套房,4F/5F,"10,000",新莊區,屋主,8,蔡小姐,7小時內,輔大站,521
80,近新埔捷運站近致理套房,13500803,分租套房,1F/3F,"9,000",板橋區,仲介,8,李先生,11天前,板橋站(環狀線)站,511
81,近新埔捷運站近致理套房,13500784,分租套房,1F/3F,"9,000",板橋區,仲介,8,李先生,11天前,板橋站(環狀線)站,511
82,板橋三民路二段優質套房,13497621,分租套房,5F/5F,"9,500",板橋區,屋主,5,林先生,7小時內,板新站,698
83,【置頂】【優質】熱鬧套房,13497584,分租套房,2F/5F,"10,500",三重區,仲介,7,石先生,8天前,三重國小站,454
84,【可貓有陽台】三和國中捷運大套房,13497577,分租套房,4F/4F,"11,500",三重區,仲介,8,石先生,8天前,三重國小站,353
85,【置頂】【優質】熱鬧套房【限女】,13497550,分租套房,2F/5F,"10,500",三重區,仲介,7,石先生,8天前,三重國小站,454
86,永和中正路套房交通、生活機能方便,13497351,分租套房,2F/4F,"9,600",永和區,屋主,7,吳先生,7小時內,景平站,520
87,新店中正七張捷運優質套房出租,13497200,分租套房,4F/7F,"9,000",新店區,屋主,8,沈小姐,2天前,新店區公所站,448
88,★捷運頂溪站旁★近樂華夜市公寓溫馨美套★,13496102,分租套房,4F/5F,"12,000",永和區,仲介,8,顧先生,22小時內,頂溪站,511
89,陽光大套房|南港展覽館|清幽宜居|機能佳,13496034,分租套房,2F/4F,"11,800",汐止區,仲介,5,楊先生,7小時內,南港展覽館站,621
90,#膝蓋剋星亮麗美套，近環狀中和站威力廣場,13495683,分租套房,1F/5F,"9,500",中和區,仲介,5.5,許先生,3天前,中和站,393
91,★頂溪站★永和路一段寧靜公寓溫馨套房★,13495183,分租套房,4F/5F,"12,000",永和區,仲介,8,萬先生,51分鐘內,頂溪站,511
92,中和廟口，離中永和近、禁煙、可養貓,13493820,分租套房,頂樓加蓋/5F,"11,000",中和區,代理人,8,張小姐,9小時內,永安市場站,677
93,江翠4號出口~邊間~通風佳,13492944,分租套房,4F/4F,"10,000",板橋區,仲介,7,廖小姐,12天前,江子翠站,601
94,對外窗獨立洗衣機有機車車位台水台電計費,13491254,分租套房,1F/5F,"9,000",中和區,代理人,6,王小姐,19小時內,中原站,750
95,中和，近環球，近世紀廣場，全新裝潢管線,13489698,分租套房,2F/4F,"10,000",中和區,屋主,8,林先生,2小時內,中原站,649
96,麥當勞正對面徐匯捷運站3分鐘,13489717,分租套房,4F/5F,"11,500",三重區,屋主,6,蘇小姐,2小時內,徐匯中學站,243
97,生活機能優，近三重商圈，五分鐘到台北車站,13489430,分租套房,4F/4F,"9,000",三重區,屋主,10,丁先生,13天前,三重站,609
98,捷運壹樓#優質套房(大總管王小燁),13487954,分租套房,1F/4F,"11,000",三重區,仲介,6,王小姐,18小時內,三和國中站,488
99,近景安捷運走路3分鐘,13487266,分租套房,3F/5F,"9,000",中和區,屋主,6.5,李太太,7小時內,景安站,282
100,免服務費正一房一廳一衛浴獨立洗衣機,13404132,分租套房,頂樓加蓋/5F,"10,500",新莊區,仲介,10,吳先生,21小時內,丹鳳站,764
101,景安捷運站三分鐘超值設計感套房,13486033,分租套房,3F/5F,"9,500",中和區,屋主,6,呂小姐,2天前,永安市場站,645
102,近府中超低樓層可貓可狗共用大陽台,13484656,分租套房,2F/4F,"9,000",板橋區,仲介,5.5,汪先生,18小時內,府中站,673
103,公園綠地多⚡近捷運站⚡含水費套房❗️,13483598,分租套房,4F/5F,"10,000",三重區,仲介,6,盧先生,13天前,三和國中站,248
104,近捷運新埔民生站裕民街夜市陽台大套房,13482569,分租套房,4F/5F,"12,000",板橋區,仲介,7,吳先生,9小時內,環狀線新埔民生站,691
105,仁愛街獨立陽台大套房,13482259,分租套房,4F/5F,"11,500",新莊區,代理人,10,許先生,18小時內,新莊站,800
106,近新埔民生站雙對外窗乾淨舒適生活機能佳,13482042,分租套房,4F/4F,"10,000",板橋區,代理人,6,李小姐,19小時內,環狀線新埔民生站,146
107,免仲介費㊣獨立洗衣機+僅可養貓,13480711,分租套房,4F/4F,"11,000",中和區,代理人,7,黃先生,14小時內,永安市場站,676
108,三和國中捷運裝潢美套房(((家電齊全)),13480634,分租套房,4F/5F,"10,000",三重區,仲介,6,林先生,14天前,三和國中站,257
109,中庭有垃圾桶資源分類、警衛管理永安套房,13480318,分租套房,2F/5F,"9,000",永和區,屋主,4.7,吳先生,5天前,永安市場站,407
110,【永寧捷運站】→電梯大樓溫馨套房,13479333,分租套房,3F/5F,"10,000",土城區,仲介,5,廖先生,21小時內,永寧站,142
111,"全新傢俱,獨立洗衣機,對外窗,近四維商圈",13478859,分租套房,4F/5F,"10,000",新莊區,屋主,8,陳小姐,19小時內,丹鳳站,536
112,優質裝潢設備全.走路1分鐘到捷運僅剩一間,13478121,分租套房,2F/4F,"9,200",新店區,屋主,6,馮先生,7小時內,七張站,76
113,🏬海山捷運站電梯套房(免仲介費,13476833,分租套房,12F/12F,"10,800",土城區,仲介,6,劉先生,17小時內,海山站,285
114,全新裝璜，看過，一定喜歡的一樓精緻大套房,13475723,分租套房,1F/4F,"11,500",新店區,代理人,6.5,程小姐,4天前,新店區公所站,355
115,三重力行路二段漂亮套房永福國小旁,13474598,分租套房,5F/5F,"11,000",三重區,仲介,10,黃先生,5天前,徐匯中學站,527
116,新店中正路鬧區近屈臣士金石堂,13474213,分租套房,2F/4F,"9,000",新店區,屋主,5,廖先生,7小時內,七張站,382
117,三重區菜寮站套房全新裝修,13474198,分租套房,4F/5F,"10,500",三重區,代理人,6,游先生,7小時內,三重站,564
118,愛買後面漂亮獨立桶床套房,13474044,分租套房,5F/5F,"11,000",永和區,代理人,6,李小姐,昨日,景平站,749
119,雅緻電梯高樓明亮套房,13473574,分租套房,10F/12F,"9,500",中和區,仲介,7,賴小姐,17小時內,中原站,420
120,新埔捷運🌈新巨蛋旁一樓套房🌈中信心妍,13472693,分租套房,1F/4F,"11,500",板橋區,仲介,6,陳小姐,16天前,新埔站,156
121,經典套房公車敦化幹線一段票,13472060,分租套房,5F/5F,"9,800",新店區,屋主,8.5,陳小姐,7小時內,十四張站,703
122,威力廣場靜巷二樓全配套房,13470738,分租套房,2F/5F,"9,800",中和區,屋主,7,孫先生,10小時內,中和站,393
123,景安站450公尺採光套房(免服),13470024,分租套房,頂樓加蓋/5F,"9,600",中和區,仲介,6,胡先生,4天前,景安站,324
124,分租套房出租獨立洗衣機,13467494,分租套房,2F/4F,"11,000",中和區,屋主,9,邱小姐,7小時內,景安站,298
125,頂溪捷運站8分鐘,13467304,分租套房,2F/5F,"12,000",永和區,屋主,12,湯小姐,5天前,頂溪站,605
126,新莊區丹鳳有廚房一房一廳套房,13467271,分租套房,5F/5F,"10,000",新莊區,代理人,6,林小姐,5天前,丹鳳站,371
127,永安捷運1F小套房,13466806,分租套房,1F/5F,"9,500",永和區,代理人,6,李小姐,2天前,永安市場站,598
128,七張美寓套房一樓,13466506,分租套房,1F/4F,"9,000",新店區,屋主,3.5,周小姐,18天前,七張站,233
129,埔墘商圈一樓分租套房。專屬機車停車位。,13463368,分租套房,1F/2F,"10,000",板橋區,屋主,6,林先生,7小時內,板新站,512
130,近捷運南勢角【透天厝套房】有獨立大陽台,13462101,分租套房,2F/4F,"10,000",中和區,仲介,7,許先生,18小時內,華夏科技大學站,69
131,成功路集美學區高樓層套房(中興橋),13461799,分租套房,10F/12F,"10,000",三重區,代理人,7,黃先生,2天前,三重站,490
132,新埔捷運套房,13461755,分租套房,4F/4F,"10,000",板橋區,屋主,8,李先生,2天前,新埔站,308
133,新店少有寧靜宜人電梯大套房出租,13461504,分租套房,3F/5F,"9,000",新店區,屋主,8,劉先生,2天前,大坪林站,370
134,全新傢俱/獨立洗衣機/重新大橋站/雙捷運,13461338,分租套房,2F/5F,"12,000",三重區,屋主,5.5,范先生,2小時內,三重站,565
135,板新捷運站步行3分內機能好/對外窗套房,13459208,分租套房,頂樓加蓋/3F,"9,000",板橋區,仲介,5,值班人員,19天前,板新站,48
136,板橋江子翠捷運站全新裝潢傢俱大套房,13458121,分租套房,5F/5F,"9,800",板橋區,屋主,8,高小姐,19天前,江子翠站,336
137,優質房客首選新裝潢大坪數交通便利,13455648,分租套房,4F/4F,"10,000",三重區,屋主,10,盧先生,7小時內,三重國小站,648
138,中和站大潤發~飯店級全新美裝潢,13454002,分租套房,1F/4F,"10,800",中和區,仲介,6,張小姐,20天前,中和站,683
139,南港展覽館旁弘道街大套房,13452689,分租套房,4F/5F,"9,000",汐止區,仲介,8,柯先生,20天前,南港展覽館站,680
140,南勢角站／大套房＋獨立陽台洗衣機(C室),13446634,分租套房,5F/5F,"12,000",中和區,仲介,7,林小姐,13小時內,南勢角站,463
141,南勢角站／質感大套房(B室),13446524,分租套房,5F/5F,"10,000",中和區,仲介,7,林小姐,13小時內,南勢角站,463
142,大套房、裝潢新、公所捷運5分鐘、機能佳,13443147,分租套房,5F/5F,"11,000",新店區,屋主,9,吳太太,11小時內,新店區公所站,355
143,租屋補助可，靜巷透天，新設備，有機車位,13442977,分租套房,2F/3F,"11,500",新莊區,代理人,5,郭先生,7小時內,新莊站,514
144,台北橋三重國小站有窗一層一戶最後一間了,13442079,分租套房,2F/5F,"10,500",三重區,仲介,6,劉小姐,19小時內,三重國小站,454
145,蘆洲捷運旁*嶄新漂亮*精緻套房*錯過可惜,13441816,分租套房,5F/5F,"9,800",蘆洲區,屋主,6,陳先生,7小時內,徐匯中學站,514
146,新莊捷運溫馨套房@越南免@,12795513,分租套房,頂樓加蓋/2F,"9,800",新莊區,屋主,7,胡先生,22小時內,新莊站,794
147,菜寮站✅綜合運動公園優雅套房(住商小宥,13437233,分租套房,2F/4F,"11,000",三重區,仲介,7,李小姐,21小時內,菜寮站,607
148,新莊泰山電梯套房出租,13437153,分租套房,13F/13F,"9,500",泰山區,屋主,8,簡小姐,7小時內,A6 泰山貴和站,190
149,樂華夜市旁靜巷內的驚喜，超美套房便宜租,13436152,分租套房,3F/5F,"12,000",永和區,屋主,7,陳太太,13天前,頂溪站,632
150,可貓咪套房/近Costco,13409635,分租套房,5F/5F,"9,000",中和區,代理人,5,黃小姐,7小時內,中和站,715
151,永安市場站好讚的捷運4分鐘低樓層套房,13435250,分租套房,2F/5F,"12,000",永和區,仲介,6,許小姐,4天前,永安市場站,255
152,近台藝大~便宜小資學生套房~水泥隔間,13434830,分租套房,2F/5F,"9,000",板橋區,仲介,8,何先生,8天前,臺鐵浮洲站,240
153,新埔一樓套房,13432969,分租套房,1F/5F,"10,000",板橋區,屋主,6,黃小姐,24天前,板新站,440
154,三重蘆洲徐匯中學捷運1樓2樓套房出租,13432750,分租套房,2F/5F,"9,000",蘆洲區,屋主,7,曾先生,15小時內,徐匯中學站,481
155,中和景安站旁通風大套房,13430652,分租套房,5F/5F,"11,000",中和區,代理人,5,潘先生,2天前,景安站,245
156,"三重捷運亮麗套房,專屬洗衣機",13430016,分租套房,4F/4F,"9,500",三重區,仲介,5,林惠娟,13小時內,三重國小站,482
157,蘆洲捷運700公尺套房,13429981,分租套房,3F/5F,"10,500",三重區,仲介,6,廖小姐,25天前,三重國小站,445
158,三重菜寮台北橋家庭式雅房,13429506,分租套房,6F/11F,"9,500",三重區,屋主,10,周小姐,2小時內,菜寮站,256
159,浴室有對外窗捷運陽台採光一樓美套房,13425786,分租套房,1F/4F,"10,000",永和區,仲介,8,林先生,8小時內,頂溪站,568
160,江翠站僅剩一間超值套房，專人代收垃圾,13424488,分租套房,3F/4F,"12,000",板橋區,屋主,8,官太太,7小時內,江子翠站,493
161,忠孝街(適合上班族、學生)_仲介勿擾,13424110,分租套房,3F/4F,"9,500",中和區,屋主,8,王小姐,7小時內,華夏科技大學站,153
162,套房出租/近世新大學/捷運站/生活機能佳,13422384,分租套房,1F/5F,"9,800",新店區,屋主,6,王先生,7小時內,大坪林站,358
163,全新裝潢新莊區公寓套房分租,13421662,分租套房,3F/4F,"10,000",新莊區,屋主,6,鄭太太,26天前,幸福站,471
164,景安捷運站1分鐘電梯12坪超大套房對外窗,13421573,分租套房,2F/12F,"9,800",中和區,屋主,12,黃先生,12天前,景安站,239
165,優質套房出租,13419597,分租套房,5F/5F,"9,000",新店區,屋主,5.5,邱小姐,7小時內,新店區公所站,215
166,優質套房出租,13419545,分租套房,5F/5F,"9,000",新店區,屋主,5.5,邱小姐,7小時內,新店區公所站,215
167,優質套房出租,13418161,分租套房,7F/10F,"9,800",永和區,屋主,9,施先生,19天前,頂溪站,713
168,設計師裝潢套房,13416061,分租套房,3F/4F,"11,800",新店區,屋主,8,曾先生,7小時內,小碧潭站,267
169,新北中和南勢角大坪數套房美寓(房仲勿擾),13415613,分租套房,4F/4F,"10,500",中和區,屋主,7,胡小姐,2小時內,南勢角站,779
170,捷運三和國中1F超值套房,13412932,分租套房,1F/5F,"11,000",三重區,仲介,6,海小姐,22小時內,三和國中站,702
171,近台北橋捷運公車2分鐘分租套房5坪,13410172,分租套房,3F/4F,"9,000",三重區,屋主,5,周小姐,15小時內,台北橋站,181
172,（已出租）近鴻海套房+附小廚房,13409120,分租套房,5F/6F,"10,500",土城區,代理人,8,李小姐,24天前,頂埔站,738
173,景平大潤發靜巷優質全新一大房一大廳大陽台,13408952,分租套房,3F/5F,"12,000",中和區,屋主,12,劉小姐,15小時內,景平站,273
174,整層住家，四周便利，全新套房出租。,13407065,分租套房,1F/2F,"10,000",中和區,代理人,7,倪先生,7小時內,中和站,405
175,景安站2分鐘亮麗陽台大套房景安路忠孝街,13402615,分租套房,3F/5F,"12,000",中和區,屋主,12,陳小姐,10小時內,景平站,273
176,永安捷運1分鐘套房,13404589,分租套房,2F/2F,"9,200",中和區,屋主,7,游先生,29天前,永安市場站,80
177,"近竹圍捷運站,歐式套房,附全套家電,傢俱",13401919,分租套房,4F/4F,"12,000",淡水區,屋主,7,葉先生,7小時內,竹圍站,358
178,海山捷運旁#電梯#獨洗#套房,13343897,分租套房,12F/12F,"11,800",土城區,屋主,8,邱先生,7小時內,海山站,187
179,實踐分租套房,13261004,分租套房,5F/5F,"11,000",板橋區,仲介,7,羊咩小姐,2天前,府中站,464
180,大坪林捷運站大套房出租,12968726,分租套房,5F/5F,"11,000",新店區,屋主,9,顏先生,11天前,大坪林站,276
181,⭐一樓便利好停機車套房,11065355,分租套房,1F/4F,"9,500",泰山區,仲介,6.5,李奇軒,21小時內,A6 泰山貴和站,699
182,舒適大空間套房（近江子翠站）,9498472,分租套房,2F/4F,"12,000",板橋區,屋主,7,呂小姐,2小時內,江子翠站,620
0,★可貓★北門捷運★露台晒衣★傢俱傢電,13556087,獨立套房,5F/5F,"11,000",大同區,仲介,6,洪先生,7小時內,站,0
1,後山埤站、走道窗、可貓、垃圾代收,13555739,獨立套房,4F/4F,"9,700",南港區,仲介,6,吳先生,9小時內,後山埤站,217
2,美美大套房有陽台專用洗衣機,13555515,獨立套房,5F/5F,"10,000",內湖區,仲介,10.5,徐小姐,2小時內,劍南路站,771
3,北市|重陽橋旁|有窗|4樓,13555507,獨立套房,4F/4F,"9,000",士林區,代理人,8.2,魏先生,10小時內,士林站,692
4,師大路獨立套房,13055322,獨立套房,5F/5F,"10,000",中正區,屋主,5,陳小姐,7小時內,台電大樓站,209
5,捷運台北車站步行5分鐘，採光通風佳,13555160,獨立套房,頂樓加蓋/7F,"10,000",中正區,仲介,7,周小姐,2小時內,台北車站,265
6,北車捷運步行2分鐘。電梯小資優美套房,13554984,獨立套房,頂樓加蓋/7F,"10,000",中正區,仲介,7,王先生,3小時內,站,0
7,忠孝敦化sogo商圈可養寵物垃圾代收,13554500,獨立套房,2F/4F,"11,000",大安區,仲介,5,陳先生,13小時內,忠孝復興站,311
8,捷運大橋頭，套房，近捷運/可寵物,13554132,獨立套房,5F/5F,"11,999",大同區,仲介,6,石小姐,12小時內,大橋頭站,237
9,★【大露台，獨立套房】東湖機能美屋★,13554004,獨立套房,6F/6F,"10,000",內湖區,仲介,6,陳乙青,12小時內,東湖站,666
10,無窗套房~衛浴乾溼分離~免倒垃圾~短租,13553965,獨立套房,9F/11F,"11,000",萬華區,屋主,5,林先生,14小時內,峨眉街口(中醫院區)站,37
11,文德捷運站!設備全新裝潢美美套房1樓,13553365,獨立套房,1F/5F,"12,000",內湖區,仲介,7,徐小姐,2小時內,文德站,311
12,/短租3個月/套房/圓山站/大橋頭站,13553230,獨立套房,2F/4F,"9,500",大同區,仲介,6,林先生,16小時內,站,0
13,菁華區套房，家具全，生活機能佳,13553212,獨立套房,頂樓加蓋/4F,"10,000",松山區,屋主,8,周小姐,16小時內,台北小巨蛋站,483
14,北車/乾淨/對外窗/電費內含/陽台曬衣,13552739,獨立套房,3F/4F,"9,999",中正區,仲介,7,謝先生,16小時內,台北車站,478
15,龍山捷運站步行5分鐘.環境優美.安靜,13552745,獨立套房,B1/3F,"9,000",萬華區,屋主,6,蔡小姐,2小時內,龍山寺站,316
16,吉屋套房出租~接受短租,13552081,獨立套房,3F/4F,"9,000",文山區,屋主,6,梁先生,18小時內,萬隆站,264
17,捷運台電大樓3分◆採光套房◆機能優★可寵,13551900,獨立套房,3F/4F,"11,990",大安區,仲介,6,吳先生,18小時內,台電大樓站,287
18,🔥小南門🔥採光超好/可入戶即可寵物,13551818,獨立套房,4F/4F,"11,200",中正區,仲介,6,黃先生,18小時內,小南門站,368
19,行天宮站、松江路、房間廁所皆有窗,13551806,獨立套房,3F/3F,"11,988",中山區,仲介,7,陳先生,12小時內,行天宮站,184
20,電梯大樓全新裝潢水泥隔間採光好可養寵套房,13551742,獨立套房,4F/5F,"10,500",大同區,仲介,6,黃小姐,2小時內,台北車站,377
21,台電大樓站/可寵靜巷/陽台採光/獨立洗衣,13551559,獨立套房,2F/5F,"11,588",大安區,仲介,7,周先生,19小時內,台電大樓站,223
22,台電大樓站/可寵靜巷/廁所有窗/獨立洗衣,13551544,獨立套房,4F/5F,"9,999",大安區,仲介,6,周先生,19小時內,台電大樓站,223
23,全新優質套房，生活機能佳，近捷運，市場,13208193,獨立套房,1F/5F,"9,300",內湖區,屋主,5,陳小姐,7小時內,內湖站,358
24,台電大樓站、家具可撤可補,13551504,獨立套房,B1/5F,"10,000",中正區,仲介,6,陳先生,12小時內,台電大樓站,186
25,台電大樓站、家具可補,13551464,獨立套房,1F/5F,"11,000",中正區,仲介,6,陳先生,12小時內,台電大樓站,186
26,民權西路站、垃圾代收、電梯、廁所大面窗,13551395,獨立套房,7F/7F,"10,000",中山區,仲介,5,陳先生,12小時內,民權西路站,349
27,小房東*西門站電梯套房,13551175,獨立套房,7F/7F,"11,000",萬華區,仲介,5,翁先生,2小時內,西門站,759
28,長安西路145巷小房東*北車北門享受生活,13550412,獨立套房,5F/5F,"10,200",大同區,仲介,5,翁先生,3小時內,台北車站,403
29,頂樓加蓋有大空間,13549747,獨立套房,頂樓加蓋/5F,"11,000",大安區,屋主,10,鄭先生,22小時內,信義安和站,89
30,小資首選、台北車站、寵物友善、機能便利,13550007,獨立套房,3F/5F,"12,000",大同區,仲介,5,劉先生,22小時內,站,0
31,垃圾包裹代收台北車站獨立大套房可寵可短租,13549913,獨立套房,3F/5F,"12,000",大同區,仲介,5,沈先生,7小時內,台北車站,377
32,中山國小站/小資首選/超大大空間,13549827,獨立套房,3F/5F,"10,000",中山區,仲介,9,林先生,16小時內,中山國小站,285
33,中正區，頂加超值大空間，全新整理，大陽臺,13549554,獨立套房,頂樓加蓋/5F,"11,999",中正區,仲介,7.5,陳先生,昨日,和平西路一段站,107
34,象山站/麥當勞旁，超值採光，全新粉刷！秒,13548962,獨立套房,2F/4F,"11,000",信義區,仲介,6,陳先生,2天前,象山站,702
35,小資套房.採光.天然瓦斯.飲水機.可貓,13548960,獨立套房,頂樓加蓋/5F,"9,100",信義區,仲介,6,林小姐,18小時內,象山站,382
36,優質溫馨小套房,13548936,獨立套房,3F/4F,"12,000",中正區,屋主,9,林小姐,20小時內,台電大樓站,560
37,東湖站，可貓，機能強，公園旁,13548832,獨立套房,3F/4F,"9,999",內湖區,仲介,6,江先生,21小時內,東湖站,343
38,瑞光公寓套房、內科旁,13548511,獨立套房,5F/5F,"10,000",內湖區,屋主,8,黃先生,7小時內,港墘站,501
39,師大幽靜套房代收垃圾門禁管理,13548330,獨立套房,4F/4F,"11,000",大安區,屋主,4,蕭小姐,2小時內,溫州街口站,117
40,松山站1分鐘超值無敵河景窗河濱公園獨套,13548049,獨立套房,5F/5F,"10,000",松山區,屋主,8,ANDY 先生,12小時內,松山站,191
41,松山捷運站1分鐘超值河濱公園邊窗獨套,13547978,獨立套房,5F/5F,"10,000",松山區,屋主,8,ANDY 先生,12小時內,松山站,191
42,/短租3個月/套房/圓山站/大橋頭站,13547906,獨立套房,2F/4F,"11,000",大同區,仲介,6,林先生,2天前,大橋頭站,578
43,師大夜市/小資套房/低樓層/屋況佳,13547786,獨立套房,2F/4F,"12,000",大安區,仲介,4,徐小姐,18小時內,台電大樓站,254
44,"生活機能強,鄰近捷運,摩斯漢堡,頂好超市",13547377,獨立套房,4F/5F,"11,000",大同區,屋主,5,江先生,7小時內,圓山站,554
45,🔥小南門站🔥可寵可入戶籍/優質套房,13547367,獨立套房,4F/4F,"10,300",中正區,仲介,5.5,黃先生,21小時內,小南門站,368
46,捷運信義安和◆超值套房◆空間大採光佳,13547334,獨立套房,頂樓加蓋/4F,"10,990",大安區,仲介,13,吳先生,18小時內,信義安和站,608
47,近捷運台電大樓◆採光套房◆對外窗機能優,13547243,獨立套房,3F/4F,"10,990",中正區,仲介,7,吳先生,18小時內,台電大樓站,514
48,可寵【捷運中山國小站】大採光，生活機能佳,13547191,獨立套房,5F/5F,"11,000",中山區,代理人,8.4,黃小姐,2天前,中山國小站,481
49,捷運松山1分◆超值套房◆寬敞採光佳★可貓,13546876,獨立套房,5F/5F,"11,990",松山區,仲介,8,吳先生,18小時內,松山站,191
50,中山國小站，獨洗，採光佳，新裝潢W,13546863,獨立套房,2F/3F,"11,499",中山區,仲介,7.5,江先生,21小時內,中山國小站,717
51,捷運永春站★全新裝潢★變頻冷氣★有對外窗,13546726,獨立套房,4F/4F,"10,000",信義區,仲介,4,陳先生,10小時內,永春站,591
52,🌞配備齊全🌞士林夜市上◆獨立洗衣機,13546682,獨立套房,5F/5F,"10,500",士林區,仲介,6,楊先生,2天前,劍潭站,323
53,東湖捷運、一房一廳、獨立洗、機能強,13546637,獨立套房,5F/5F,"11,999",內湖區,仲介,10,邵先生,21小時內,港墘站,416
54,西門町成都路康定路口,13546579,獨立套房,1F/4F,"12,000",萬華區,屋主,7,李小姐,14小時內,西門站,644
55,行天宮站/松江南京站/採光通風,13546426,獨立套房,6F/7F,"11,999",中山區,仲介,7,林先生,16小時內,行天宮站,559
56,行天宮站/松江南京站/小資首選,13546423,獨立套房,6F/7F,"10,499",中山區,仲介,5,林先生,16小時內,行天宮站,559
57,芝山站/可報稅補助/垃圾代收,13546400,獨立套房,6F/11F,"12,000",士林區,仲介,8,林先生,16小時內,芝山站,324
58,捷運芝山步行3分鐘，裝潢時尚，套房首選。,13545893,獨立套房,5F/5F,"11,000",士林區,屋主,5,鄭先生,3天前,芝山站,311
59,近中山國小捷運站，大採光！可貓,13545820,獨立套房,4F/4F,"11,500",中山區,代理人,6,高先生,3天前,中山國小站,187
60,全新裝潢.出入方便24小時警衛,13541466,獨立套房,1F/5F,"9,000",文山區,屋主,8,許小姐,3天前,木柵站,116
61,🌴美緣特區🌴雙連小而美居家套房👑,13545325,獨立套房,3F/5F,"11,200",大同區,仲介,6,林小姐,2小時內,雙連站,148
62,松山捷運站乾淨套房（近成美橋）,13545054,獨立套房,3F/5F,"11,000",南港區,屋主,5,張先生,13小時內,松山站,740
63,近萬隆捷運，裝潢新，設備齊全，環境清幽,13544376,獨立套房,1F/2F,"10,000",文山區,屋主,6,黃先生,7小時內,萬隆站,598
64,近捷運南京復興站/中山國中站,13544022,獨立套房,2F/14F,"11,000",中山區,屋主,5,周小姐,17小時內,南京復興站,376
65,近內科、乾淨明亮、生活機能佳,13543782,獨立套房,4F/4F,"9,000",內湖區,代理人,5,張小姐,2天前,西湖站,580
66,可炊可煮/龍山寺捷運站/華江橋中興橋,13543722,獨立套房,1F/5F,"11,500",萬華區,仲介,5,楊先生,3天前,龍山寺站,419
67,行天宮/發票可報稅/乾濕分離/無對外窗,13543698,獨立套房,2F/3F,"9,999",中山區,仲介,5,謝先生,19小時內,行天宮站,346
68,林森北路條通商圈，便宜電梯套房，設備全,13543409,獨立套房,5F/7F,"10,000",中山區,仲介,6,林先生,17小時內,善導寺站,626
69,林森北路條通商圈，便宜電梯套房，設備全,13543394,獨立套房,5F/7F,"10,000",中山區,仲介,6,林先生,14小時內,善導寺站,626
70,"停車方便,離捷運站步行約15分鍾",13542993,獨立套房,4F/5F,"10,000",士林區,屋主,8,楊小姐,7小時內,劍潭站,649
71,劍潭捷運，採光美裝大空間，乾濕分離,13542992,獨立套房,頂樓加蓋/4F,"11,999",士林區,仲介,7,郭先生,23小時內,劍潭站,660
72,獨立單人套房，安靜明亮。,13542904,獨立套房,2F/4F,"10,000",信義區,屋主,4,廖先生,3天前,永春站,411
73,松山南京站，採光佳，新裝潢，免爬高,13542622,獨立套房,5F/7F,"9,698",中山區,仲介,5,江先生,21小時內,善導寺站,607
74,貓咪友善、走廊窗戶、共用陽台、台北小巨蛋,13542319,獨立套房,1F/7F,"10,000",松山區,仲介,5,劉先生,18小時內,台北小巨蛋站,542
75,西門徒步區/漢口街二段/武昌街/電梯可寵,13542229,獨立套房,3F/4F,"11,000",萬華區,仲介,7,黃先生,22小時內,西門站,295
76,※獨立陽台+獨立洗衣機※寵物可※內湖站※,13542203,獨立套房,4F/5F,"11,500",內湖區,仲介,8,高先生,昨日,內湖站,280
77,後山埤、舒適、安靜、二樓免爬高,13542060,獨立套房,2F/4F,"10,499",南港區,仲介,6,吳先生,10小時內,松山站,413
78,捷運台電大樓◆超值套房◆大面採光★可補助,13541309,獨立套房,3F/4F,"10,490",中正區,仲介,5,吳先生,18小時內,台電大樓站,502
79,台電大樓/免爬高/戶數單純/超值,13540973,獨立套房,2F/4F,"12,000",大安區,仲介,4,陳先生,19小時內,台電大樓站,345
80,步行捷運站6分!全新家俱套房,13540946,獨立套房,1F/5F,"12,000",內湖區,仲介,7,徐小姐,4天前,文德站,311
81,台電大樓/師大、小資首選、戶數少、免爬高,13540698,獨立套房,2F/4F,"12,000",大安區,仲介,5,黃先生,19小時內,台電大樓站,345
82,師大/古亭/採光/機能/舒適/報稅A,13539186,獨立套房,3F/4F,"10,499",中正區,仲介,5,謝先生,19小時內,台電大樓站,502
83,※內湖捷運站旁※大面積對外窗※可養寵※,13538676,獨立套房,5F/5F,"10,000",內湖區,仲介,6,高先生,昨日,內湖站,93
84,捷運台電大樓站1分【獨立陽台*超值採光】,13538132,獨立套房,2F/5F,"11,499",大安區,仲介,6,黃先生,15小時內,台電大樓站,207
85,台電大樓捷運/師大商圈，大套房，可寵,13537565,獨立套房,2F/4F,"11,999",大安區,仲介,5.5,王先生,10小時內,台電大樓站,287
86,近科技大樓站/官方賴預約時間/詳情文宣說,13537241,獨立套房,5F/5F,"12,000",大安區,仲介,6,宋先生,21小時內,科技大樓站,218
87,新裝修套房出租,13536903,獨立套房,2F/7F,"9,800",中山區,屋主,5,韓老師,7小時內,行天宮站,426
88,萬華區獨立套房出租(近夜市),13536680,獨立套房,3F/4F,"10,000",萬華區,屋主,8,吳先生,7小時內,龍山寺站,452
89,*世新大學考試院採光套房，獨洗，台水台電,13536645,獨立套房,5F/7F,"11,000",文山區,仲介,10.2,邰先生,17小時內,景美站,792
90,*象山站優質採光房，低樓層，機能優,13536609,獨立套房,2F/4F,"11,000",信義區,仲介,5.5,邰先生,17小時內,象山站,702
91,大橋頭捷運可一押一租樓下就是夜市,13536460,獨立套房,5F/5F,"12,000",大同區,屋主,6.5,洪先生,7小時內,大橋頭站,337
92,行天宮捷運，1房1廳，大空間，寵物友善w,13536351,獨立套房,4F/4F,"11,998",中山區,仲介,8.5,邵先生,21小時內,行天宮站,371
93,南港車站軟體園區附近~忠孝東路七段中南街,13515171,獨立套房,5F/5F,"12,000",南港區,仲介,7,張先生,3小時內,南港展覽館站,349
94,秒殺！稀有雙面採光✯南港五鐵優質套房,13535104,獨立套房,5F/5F,"12,000",南港區,仲介,7,吳先生,19小時內,南港展覽館站,349
95,世貿站電梯高CP套房,13534958,獨立套房,6F/7F,"11,000",信義區,仲介,6,高先生,17小時內,台北101/世貿站,504
96,★捷運北門★獨立陽台★代收垃圾★水泥隔音,13534911,獨立套房,4F/11F,"12,000",大同區,仲介,7,洪先生,7小時內,台北車站,300
97,近捷運文湖線內湖科學園區生活機能佳,13534602,獨立套房,5F/5F,"11,000",內湖區,屋主,8,林小姐,19小時內,港墘站,436
98,【獨立套房出租】小巨蛋站可養貓有垃圾代收,13534541,獨立套房,頂樓加蓋/4F,"11,500",松山區,仲介,4.5,員小姐,5天前,台北小巨蛋站,528
99,艾登/西昌街/陽台採光可寵套房/龍山寺站,13533733,獨立套房,頂樓加蓋/4F,"12,000",萬華區,仲介,6.5,林先生,2小時內,龍山寺站,264
100,南港舒適獨立套房，適合上班族入住!,13533413,獨立套房,4F/4F,"12,000",南港區,屋主,5,張小姐,7小時內,南港展覽館站,280
101,後山埤、一樓、寵物友善、獨立洗,13533284,獨立套房,1F/4F,"11,000",信義區,仲介,6.5,吳先生,19小時內,後山埤站,469
102,*捷運劍潭站近士林夜市之亮麗套房*,13533208,獨立套房,4F/5F,"10,000",士林區,仲介,8,林先生,15小時內,劍潭站,650
103,劍潭站.採光.屋況優.學生上班族套房,13533050,獨立套房,頂樓加蓋/5F,"12,000",士林區,仲介,8,黃先生,2天前,劍潭站,660
104,近捷運萬芳醫院◆超值套房◆機能優有對外窗,13532808,獨立套房,2F/4F,"9,500",文山區,仲介,7.5,趙先生,3小時內,萬芳醫院站,526
105,寵物友善捷運圓山低樓層獨立大套房,13532390,獨立套房,1F/4F,"10,000",大同區,仲介,5,沈先生,15小時內,大橋頭站,585
106,🔥北車西門雙捷運🔥優質採光套房/秒殺,13532078,獨立套房,4F/4F,"10,500",中正區,仲介,6,黃先生,21小時內,台北車站,474
107,近劍潭站/官方賴預約時間/詳情文宣說明,13532005,獨立套房,3F/6F,"11,000",士林區,仲介,6,林先生,21小時內,劍潭站,438
108,近捷運永春站◆超值套房◆機能優★垃圾代收,13531809,獨立套房,4F/4F,"10,497",信義區,仲介,6,吳先生,18小時內,永春站,461
109,交通便利~鬧中取靜~,12146697,獨立套房,4F/12F,"9,000",內湖區,屋主,6,王太太,18小時內,內湖站,426
110,捷運象山溫馨採光套房低樓層機能好,13530759,獨立套房,2F/4F,"11,000",信義區,仲介,6,租屋專員,2天前,象山站,702
111,捷運南港展覽館超值首選採光佳生活便利,13530747,獨立套房,5F/5F,"12,000",南港區,仲介,8,租屋專員,2天前,南港展覽館站,236
112,♠採光優近北車迪化商圈寧夏夜市♠,13530694,獨立套房,3F/4F,"9,500",大同區,仲介,7,童先生,6天前,大橋頭站,734
113,小資首選、寵物友善、大橋頭站、獨立洗衣機,13530584,獨立套房,1F/4F,"10,000",大同區,仲介,5,劉先生,7小時內,大橋頭站,585
114,松江南京/電梯大樓/走道窗代收垃圾/可寵,13530301,獨立套房,3F/8F,"10,000",中山區,仲介,5,葉先生,21小時內,松江南京站,488
115,台北車站🌞實惠電梯小資房💯可貓,13530187,獨立套房,4F/5F,"11,150",大同區,仲介,5,黃先生,13小時內,台北車站,141
116,近松江南京捷運附個人洗衣機的大套房,13530127,獨立套房,1F/8F,"11,000",中山區,屋主,11,劉小姐,6天前,松江南京站,504
117,✨信義安和站✨文昌通化✨世貿✨101✨,13530083,獨立套房,4F/5F,"10,000",信義區,屋主,9,高先生,19小時內,信義安和站,412
118,南京復興站，免爬高，機能強，天然瓦斯,13529929,獨立套房,2F/14F,"10,499",中山區,仲介,5.5,江先生,21小時內,南京復興站,376
119,1房1廳/高CP值/大坪數/寵物可談,13529775,獨立套房,4F/4F,"11,999",中山區,仲介,8,林先生,7小時內,行天宮站,371
120,公館捷運木質地板和風公寓套房,13529611,獨立套房,4F/5F,"9,000",中正區,仲介,5,小明先生,22小時內,公館站,259
121,"近通化夜市,101,生活機能佳",13529579,獨立套房,4F/4F,"11,000",大安區,屋主,13,周太太,7小時內,信義安和站,608
122,精緻五星級優質套房,13529479,獨立套房,4F/5F,"11,000",萬華區,屋主,9,洪先生,6天前,西門站,412
123,西門捷運站/低樓層2F/採光明亮,13528908,獨立套房,2F/4F,"9,500",萬華區,仲介,5,楊先生,4天前,西門站,701
124,信義路6段，松山商職對面，林口街溫馨套房,13527902,獨立套房,5F/5F,"10,500",信義區,代理人,6,鄭小姐,7小時內,永春站,506
125,交通方便格局方正採光好衛浴空間大,13527800,獨立套房,5F/5F,"9,800",文山區,代理人,9,王小姐,4天前,萬隆站,415
126,（可短租）世新、科技大學萬芳醫院社區,13527339,獨立套房,1F/5F,"12,000",文山區,仲介,8,王先生,6天前,萬芳醫院站,664
127,雙連/民權西路捷運，電梯套房，生活機能強,13527299,獨立套房,7F/7F,"9,999",中山區,仲介,5.5,江先生,21小時內,雙連站,290
128,中正紀念堂/大空間獨洗/建中旁/合租首選,13526816,獨立套房,2F/5F,"12,000",中正區,仲介,9,許先生,13小時內,中正紀念堂站,557
129,東湖MRT哈拉影城✯漂亮裝潢獨立洗衣機3,13526698,獨立套房,4F/4F,"10,000",內湖區,仲介,6,吳先生,19小時內,東湖站,365
130,電梯新套房/大面窗水泥隔間/專人收垃圾,13526460,獨立套房,10F/10F,"10,000",松山區,代理人,7,謝先生,24小時內,台北小巨蛋站,606
131,管理員/垃圾代收/獨立陽台.洗衣機,13525356,獨立套房,4F/11F,"12,000",大同區,仲介,7,徐小姐,18小時內,北門站,65
132,台電大樓/垃圾代收/免爬高/台師大首選,13525118,獨立套房,1F/5F,"10,999",中正區,仲介,5,許先生,13小時內,台電大樓站,443
133,套房近公車捷運站生活機能佳，一卡皮箱入住,13525104,獨立套房,2F/5F,"9,000",萬華區,屋主,4,陳先生,9小時內,龍山寺站,471
134,南京復興捷運，電梯套房，天然瓦斯，機能w,13524722,獨立套房,2F/14F,"10,499",中山區,仲介,6,江先生,21小時內,南京復興站,376
135,台北車站.採光.個人小套房.飲水機,13523930,獨立套房,4F/11F,"12,000",大同區,仲介,7,黃先生,2天前,台北車站,141
136,龍山寺/捷運陽台套房/可養寵物/代收垃圾,13523733,獨立套房,頂樓加蓋/4F,"12,000",萬華區,仲介,6,劉小姐,21小時內,龍山寺站,264
137,中正紀念堂/大空間/免爬高/獨立洗/超值,13523430,獨立套房,2F/5F,"12,000",中正區,仲介,9,陳先生,19小時內,中正紀念堂站,557
138,信義安和獨立美套*房間廁所有窗*大師志東,13522789,獨立套房,2F/3F,"11,500",大安區,仲介,3.5,盧志東,昨日,信義安和站,443
139,台北車站，雙面採光套房，獨立洗衣機,13522716,獨立套房,頂樓加蓋/4F,"10,999",大同區,仲介,7,陳先生,20小時內,台北車站,351
140,電梯套房，不要再爬樓梯啦,13522440,獨立套房,5F/5F,"9,000",內湖區,仲介,4,林小姐,18小時內,東湖站,161
141,北門站.可貓.採光.可申請補助.超值套房,13522080,獨立套房,4F/4F,"11,000",大同區,仲介,5.1,黃先生,2天前,北門站,320
142,北門站.包裹/垃圾代收.獨立洗衣.陽台,13522171,獨立套房,4F/11F,"12,000",大同區,仲介,7,黃先生,2天前,北門站,183
143,捷運大套房寧靜單純近師大台大.採光佳,13522097,獨立套房,2F/3F,"12,000",文山區,代理人,6,黃小姐,7天前,公館站,675
144,全新裝潢/大大空間/靜巷/可貓寵/一手住,13521531,獨立套房,4F/4F,"10,999",大同區,仲介,7.7,周先生,6天前,台北車站,429
145,※可寵物※南京三民站※松山站※饒河夜市※,13521484,獨立套房,3F/3F,"10,000",松山區,仲介,7,高先生,昨日,南京三民站,384
146,松江南京站/林森條通.垃圾代收.窗台曬衣,13521036,獨立套房,5F/7F,"9,900",中山區,仲介,6,鍾先生,20小時內,松江南京站,585
147,松江南京站/垃圾代收.窗台曬衣.電6元,13521024,獨立套房,5F/7F,"9,900",中山區,仲介,6,林小姐,20小時內,松江南京站,585
148,文德站，垃圾代收，內科旁，新裝潢,13520784,獨立套房,4F/5F,"9,499",內湖區,仲介,6,江先生,21小時內,文德站,403
149,101商圈寧靜生態美套、低樓層膝蓋救星,13519750,獨立套房,2F/4F,"11,999",信義區,仲介,6,朱先生,22小時內,永春站,779
150,東湖商圈邊間採光套房、鬧中取靜溫馨舒適,13519747,獨立套房,4F/5F,"10,999",內湖區,仲介,7.5,朱先生,22小時內,東湖站,339
151,文德站旁文青美套、公園綠地環境清幽。,13519746,獨立套房,3F/4F,"11,999",內湖區,仲介,7.5,朱先生,22小時內,文德站,219
152,近內科美麗華大直捷運站旁超大窗採光佳,13519592,獨立套房,2F/4F,"10,800",中山區,代理人,5,張先生,22小時內,大直站,66
153,近捷運西門站，近全新獨立套房，男女可,13470155,獨立套房,1F/1F,"9,700",萬華區,屋主,6.5,王小姐,8天前,西門站,572
154,*公館精美採光套房，垃圾代收，機能優,13518982,獨立套房,6F/6F,"12,000",中正區,仲介,5,邰先生,17小時內,台電大樓站,348
155,萬芳醫院/獨立陽台/獨洗曬/對外窗/超值,13518828,獨立套房,頂樓加蓋/5F,"10,999",文山區,仲介,8,謝先生,19小時內,萬芳醫院站,595
156,內湖捷運、採光套房、生活機能強w,13518291,獨立套房,2F/5F,"9,499",內湖區,仲介,6,邵先生,21小時內,內湖站,431
157,近捷運行天宮◆電梯套房◆採光佳機能優,13518220,獨立套房,6F/7F,"10,480",中山區,仲介,5,黃先生,15小時內,行天宮站,562
158,優質通風小套房,13518097,獨立套房,3F/4F,"10,000",中正區,屋主,5,林小姐,20小時內,台電大樓站,502
159,南京復興站/官方賴預約時間/詳情文宣說明,13517893,獨立套房,5F/5F,"12,000",中山區,仲介,7,林先生,21小時內,南京復興站,269
160,鄰近善導寺捷運站電梯大樓獨立套房,13512703,獨立套房,2F/7F,"10,000",中山區,屋主,6,蔡小姐,6天前,松江南京站,567
161,電梯大套房/中山國小站/交通便利警察局旁,13517284,獨立套房,5F/7F,"10,500",中山區,仲介,6.5,楊先生,3天前,中山國小站,314
162,安靜電梯美套房/有管理垃圾信件代收,13517212,獨立套房,6F/7F,"9,800",中山區,仲介,7.7,周先生,6天前,善導寺站,599
163,正內科園區捷運站旁新裝潢套房瑞光路江南街,13516408,獨立套房,4F/4F,"9,999",內湖區,代理人,5,張先生,22小時內,港墘站,373
164,近萬芳醫院捷運站舒適獨立套房,13516394,獨立套房,5F/5F,"11,000",文山區,屋主,9,賴先生,4天前,萬芳醫院站,95
165,港墘捷運、新裝潢採光、寧靜/機能強,13516195,獨立套房,3F/4F,"10,999",內湖區,仲介,7,邵先生,21小時內,港墘站,622
166,🔥大橋頭🔥延三夜市樓下/獨洗可租補,13515922,獨立套房,3F/4F,"11,000",大同區,仲介,6,黃先生,21小時內,大橋頭站,264
167,後山埤捷運溫馨雅築套房套房,13514834,獨立套房,3F/4F,"12,000",信義區,代理人,5,姜先生,5天前,後山埤站,355
168,二樓南京三民站5分鐘,13514569,獨立套房,2F/5F,"12,000",松山區,屋主,10,許先生,2小時內,南京三民站,436
169,士林捷運站超值包水電小套房,13514448,獨立套房,3F/3F,"9,000",士林區,屋主,5,陳小姐,7小時內,士林站,143
170,"信義商圈市政府站5分鐘,近松山高中",13513516,獨立套房,2F/3F,"10,500",信義區,代理人,5,洪先生,2小時內,市政府站,411
171,圓山捷運站大龍夜市711樓上全新套房,13513129,獨立套房,2F/3F,"12,000",大同區,屋主,10,李先生,2小時內,圓山站,491
172,✅立即預約11/16看房✅展館✅採光獨洗,13513097,獨立套房,3F/5F,"10,488",南港區,屋主,8,游先生,6小時內,南港展覽館站,584
173,小資套房/可貓/垃圾代收/飲水機/對外窗,13512602,獨立套房,5F/5F,"10,500",信義區,仲介,6,徐小姐,18小時內,象山站,378
174,近台北醫學院/信義商區/永康商圈(1樓),13512295,獨立套房,1F/2F,"9,000",信義區,屋主,5,張先生,9天前,六張犁站,249
175,新套房最多間可以一次看,13512208,獨立套房,1F/2F,"9,500",北投區,仲介,5,楊小姐,8天前,唭哩岸站,345
176,CP值最高搶租中先選先贏,13512096,獨立套房,1F/2F,"9,000",北投區,仲介,5,楊小姐,8天前,唭哩岸站,345
177,最優套房CP值最高採光通風最好,13512089,獨立套房,3F/3F,"11,000",北投區,仲介,5,楊小姐,8天前,唭哩岸站,156
178,延吉街/靜巷一樓/低電費/學生/上班族佳,13511823,獨立套房,1F/5F,"10,800",大安區,仲介,7,劉先生,21小時內,國父紀念館站,327
179,石牌站2分鐘優質套房可租補報稅,13511336,獨立套房,5F/5F,"9,200",北投區,仲介,7.5,林先生,3天前,石牌站,167
180,在空氣新鮮流暢的綠木扶疏中生活,13510112,獨立套房,3F/3F,"12,000",文山區,屋主,8,王小姐,9天前,復興派出所站,124
181,幽靜&安全&近明德捷運,13509991,獨立套房,頂樓加蓋/4F,"12,000",北投區,屋主,10,陳先生,2天前,明德站,263
182,世新大學旁、採光好套房、垃圾代收,13509194,獨立套房,1F/2F,"9,800",文山區,仲介,6,劉先生,5天前,復興派出所站,79
183,捷運溫馨套房,13508631,獨立套房,5F/5F,"10,800",大安區,仲介,7,黃小姐,4天前,大安森林公園站,396
184,行天宮，免爬高，新裝潢，採光佳,13508564,獨立套房,6F/7F,"10,489",中山區,仲介,5,江先生,21小時內,行天宮站,559
185,板南線展覽館5號出口旁近園區研究院路一段,13508299,獨立套房,5F/5F,"11,800",南港區,屋主,8,郭先生,19小時內,南港展覽館站,125
186,士林捷運，高CP值套房，包水包電，機能強,13507021,獨立套房,3F/3F,"9,499",士林區,仲介,5,陳先生,20小時內,士林站,143
187,龍山寺旁漂亮景觀套房(離捷運站3分鐘,13506884,獨立套房,5F/5F,"11,000",萬華區,屋主,10,林小姐,16小時內,龍山寺站,270
188,古亭/靜巷/走道窗/垃圾代收/免爬飲水機,13505977,獨立套房,1F/5F,"10,997",中正區,仲介,5,謝先生,19小時內,台電大樓站,443
189,電梯大樓舒適套房(近西門捷運站),13505923,獨立套房,5F/8F,"9,500",萬華區,屋主,5,呂小姐,7小時內,龍山寺站,539
190,劍潭採光明亮通風舒適優質套房,10068795,獨立套房,頂樓加蓋/5F,"12,000",士林區,屋主,8,吳女士,7小時內,劍潭站,512
191,石牌捷運站步行3分鐘近榮總振興陽明大學,13505422,獨立套房,3F/4F,"10,000",北投區,代理人,6,方小姐,4天前,石牌站,259
192,大橋頭捷運出口全新套房,13504959,獨立套房,2F/4F,"12,000",中山區,屋主,9,屋主,21小時內,大橋頭站,228
193,台電大樓、師大商圈、垃圾代收、付飲水機,13504859,獨立套房,3F/4F,"11,999",大安區,仲介,5,劉先生,8天前,台電大樓站,287
194,胡洲站7分、獨立洗衣機、採光套房、秒殺房,13504843,獨立套房,4F/4F,"11,000",內湖區,仲介,8,劉先生,8天前,東湖站,541
195,小資套房/可喵/垃圾代收/採光佳,13503476,獨立套房,頂樓加蓋/5F,"9,100",信義區,仲介,6,徐小姐,18小時內,象山站,378
196,捷運方便美套房,13502683,獨立套房,5F/5F,"9,500",南港區,屋主,10,林先生,2天前,南港展覽館站,141
197,全新金龍路優質套房,13501765,獨立套房,5F/5F,"11,000",內湖區,仲介,7,邱先生,24小時內,內湖站,672
198,極近劍潭捷運士林夜市銘傳大學優質雙人套房,13500855,獨立套房,2F/2F,"11,500",士林區,代理人,6,翁太太,2小時內,劍潭站,144
199,捷運西門3分◆超值套房◆乾溼分離機能優,13500837,獨立套房,3F/6F,"11,999",萬華區,仲介,8,趙先生,18小時內,西門站,351
200,大空間套房/中山國小站/現況$9000,13500556,獨立套房,4F/4F,"9,000",中山區,仲介,6,吳先生,4天前,中山國小站,606
201,六張犁站/2F採光明亮/大空間,13500539,獨立套房,2F/4F,"9,500",信義區,仲介,6,邱先生,4天前,六張犁站,313
202,葫州站，可寵，垃圾代收，內科南軟旁,13500031,獨立套房,頂樓加蓋/5F,"11,500",內湖區,仲介,7,江先生,21小時內,東湖站,262
203,圓山站/雙窗小資宅2F,13498882,獨立套房,2F/2F,"12,000",大同區,代理人,10,周先生,7小時內,重慶站,48
204,雙連站.垃圾代收.小資套房,13498617,獨立套房,7F/7F,"11,000",中山區,仲介,5,林小姐,18小時內,雙連站,212
205,雙連站/獨立洗衣.垃圾代收.電5元.秒殺,13498487,獨立套房,7F/7F,"9,999",中山區,仲介,5,鍾先生,20小時內,民權西路站,349
206,忠孝敦化捷運1分鐘@CP值N0.1,13498076,獨立套房,4F/5F,"12,000",大安區,屋主,7,劉先生,2小時內,忠孝敦化站,200
207,雙連站/獨立洗衣.垃圾代收.小資首選,13497997,獨立套房,7F/7F,"9,999",中山區,仲介,5,林小姐,20小時內,民權西路站,349
208,近天母sogo全新套房交通便利,13497735,獨立套房,4F/4F,"10,000",士林區,屋主,4,陳阿姨,3天前,芝山站,313
209,101世貿、二樓免爬高、方正、機能佳,13496872,獨立套房,2F/4F,"11,999",信義區,仲介,8,吳先生,19小時內,台北101/世貿站,535
210,近松仁路麥當勞/象山站，有對外窗，採光佳,13496454,獨立套房,5F/6F,"10,000",信義區,屋主,5,屋主,22小時內,象山站,616
211,葫洲捷運站步行三分鐘,13496259,獨立套房,1F/13F,"9,500",內湖區,屋主,6,謝先生,7天前,葫洲站,225
212,捷運東湖站【超值採光】流理台★獨立洗衣機,13496196,獨立套房,5F/5F,"9,999",內湖區,仲介,7,張先生,22小時內,東湖站,694
213,全新裝潢超美豪華大套房,13495778,獨立套房,3F/4F,"11,500",北投區,屋主,12,鄧小姐,7小時內,石牌站,507
214,東湖MRT✯一樓溫馨套房近哈拉影城,13495046,獨立套房,1F/5F,"9,000",內湖區,仲介,6,吳先生,19小時內,東湖站,561
215,中山國小電梯、獨洗、代收垃圾,13494815,獨立套房,9F/10F,"12,000",中山區,仲介,6,顏小姐,5分鐘內,中山國小站,280
216,龍山寺旁漂亮景觀套房(離捷運站3分鐘,13494416,獨立套房,5F/5F,"11,000",萬華區,屋主,8,林小姐,16小時內,龍山寺站,270
217,*台電大樓*採光套房，機能優，附飲水機,13493616,獨立套房,5F/5F,"11,500",中正區,仲介,6,邰先生,17小時內,台電大樓站,281
218,民權西路捷運，電梯套房/垃圾代收/獨立洗,13493466,獨立套房,7F/7F,"9,999",中山區,仲介,5,余先生,24小時內,雙連站,290
219,文德捷運、新裝潢採光、獨立洗、生活機能強,13493420,獨立套房,頂樓加蓋/4F,"11,999",內湖區,仲介,7,邵先生,21小時內,文德站,338
220,乾淨漂亮的套房,13493159,獨立套房,3F/4F,"9,500",士林區,屋主,6,林先生,7小時內,士林站,356
221,西門町漢口街二段乾淨8坪套房有陽台,13492736,獨立套房,2F/4F,"11,000",萬華區,屋主,8,陳小姐,6天前,西門站,628
222,雙連站/電梯大樓/獨洗垃圾代收/機能房,13492687,獨立套房,7F/7F,"9,999",中山區,仲介,5,余先生,24小時內,雙連站,290
223,最後1間麟光捷運58秒近101信義商圈,13492194,獨立套房,3F/4F,"9,998",信義區,屋主,7,吳先生,12小時內,麟光站,50
224,近捷運永春站_採光好通風佳套房,13492121,獨立套房,2F/4F,"11,000",信義區,屋主,6,蔡小姐,7小時內,永春站,688
225,捷運台電大樓師大夜市超值首選採光佳機能好,13491981,獨立套房,5F/5F,"11,000",中正區,仲介,5.5,租屋專員,18小時內,台電大樓站,281
226,文德站，垃圾代，秒殺價，內科旁,13491657,獨立套房,2F/5F,"10,495",內湖區,仲介,6.5,江先生,21小時內,文德站,403
227,象山站、北醫、裝潢、舒適、安靜,13489998,獨立套房,4F/5F,"10,998",信義區,仲介,6,吳先生,19小時內,麟光站,634
228,近捷運世貿站◆電梯套房◆採光佳機能優,13489854,獨立套房,6F/7F,"10,998",信義區,仲介,5,吳先生,18小時內,台北101/世貿站,422
229,台北市中正區和平西路2段套房出租,8780368,獨立套房,4F/4F,"10,000",中正區,屋主,5,楊先生,19小時內,小南門站,536
230,租屋獨立套房租房子短租套房找房子中山站,13488461,獨立套房,4F/6F,"9,500",中山區,代理人,7,顏先生,11小時內,中山站,592
231,近北門站/官方賴預約時間/詳情文宣說明,13486994,獨立套房,5F/5F,"11,000",大同區,仲介,6.5,林先生,21小時內,台北車站,316
232,91巷內科套房,13486849,獨立套房,3F/4F,"11,500",內湖區,屋主,6,楊先生,3天前,文湖國小站,108
233,近南京三民站，獨立套房出租,13486565,獨立套房,3F/4F,"10,500",松山區,屋主,5,張先生,7小時內,南京三民站,531
234,近萬隆捷運，裝潢新，設備期全，環境清幽,13486562,獨立套房,1F/2F,"10,000",文山區,屋主,6,黃先生,7小時內,萬隆站,598
235,台北市中心高級全新裝潢、優質設備(6),13484718,獨立套房,B1/7F,"12,000",中山區,屋主,10,蔡先生,14天前,松江南京站,624
236,生活機能便利，近後山埤捷運站,13484499,獨立套房,2F/3F,"10,300",南港區,屋主,7,周先生,7小時內,松山站,413
237,港墘捷運，採光大套房，天然氣w,13484485,獨立套房,3F/5F,"11,499",內湖區,仲介,6,邵先生,21小時內,港墘站,349
238,捷運西門站優質商務套房,13484386,獨立套房,3F/4F,"11,000",中正區,仲介,6,魏先生,14天前,西門站,297
239,近關渡站小資套房優惠出租中,13483896,獨立套房,1F/5F,"10,000",北投區,仲介,8,張小姐,2天前,關渡站,478
240,橋頭站美粧套房/萬元有找/小資采光美屋,13483712,獨立套房,4F/4F,"10,988",大同區,仲介,7.7,周先生,6天前,大橋頭站,379
241,采光加獨立陽台/流理台獨洗/全新裝璜,13483692,獨立套房,頂樓加蓋/1F,"11,999",大同區,仲介,7,值班人員,6天前,民權西路站,465
242,台電大樓，超值採光套房，附飲水機，非頂加,13483691,獨立套房,5F/5F,"11,500",中正區,仲介,5.5,陳先生,2天前,台電大樓站,281
243,近西湖捷運6分~獨陽台+洗衣機*近內科~,13483670,獨立套房,3F/5F,"11,500",內湖區,代理人,7,楊小姐,22小時內,西湖站,262
244,港漧西湖雙捷運~內科最愛~獨洗可炊採光好,13483250,獨立套房,5F/5F,"12,000",內湖區,代理人,7,楊小姐,22小時內,港墘站,358
245,*內湖站5分*頂加套房*可短租*代收垃圾,13483208,獨立套房,6F/6F,"9,000",內湖區,代理人,7,楊小姐,22小時內,內湖站,182
246,吉林國小旁美套房1,13482662,獨立套房,6F/7F,"11,000",中山區,屋主,5,李小姐,14天前,行天宮站,559
247,捷運台電大樓1分【超值】洗衣機★師大首選,13482451,獨立套房,4F/5F,"9,499",大安區,仲介,5,黃先生,11小時內,台電大樓站,207
248,近麟光捷運站套房出租B,13482173,獨立套房,2F/5F,"9,000",大安區,屋主,4.5,陳先生,12小時內,麟光站,190
249,雙捷運小資首選採光佳獨立洗衣機生活便利,13482109,獨立套房,4F/4F,"11,000",內湖區,仲介,8,租屋專員,2天前,東湖站,541
250,漢口街/可養寵物/電梯套房/西門站,13481185,獨立套房,3F/4F,"11,000",萬華區,仲介,6,郭先生,2小時內,西門站,412
251,近新北投捷運復興公園~採光套房附家電,13481114,獨立套房,2F/3F,"12,000",北投區,仲介,8,李玉梅,18小時內,新北投站,232
252,東湖捷運、獨立洗/流理臺、大坪數、機能強,13480827,獨立套房,頂樓加蓋/5F,"9,999",內湖區,仲介,8,邵先生,21小時內,東湖站,493
253,港墘捷運、裝潢大坪數、垃圾代收/機能強,13480822,獨立套房,6F/6F,"10,999",內湖區,仲介,10,邵先生,21小時內,港墘站,533
254,西門捷運站6號出口步行5分鐘最佳優質套房,13480426,獨立套房,2F/5F,"9,500",萬華區,屋主,7,白先生,10小時內,峨眉街口(中醫院區)站,66
255,松江南京/對外窗/獨曬/電梯/採光好,13479785,獨立套房,6F/7F,"11,999",中山區,仲介,6,謝先生,19小時內,行天宮站,559
256,後山埤站大套房,13479616,獨立套房,2F/3F,"10,995",南港區,仲介,6,高先生,19小時內,後山埤站,571
257,東區sogo附近套房(捷運站走路五分鐘),13479576,獨立套房,1F/7F,"11,000",大安區,屋主,5,黃先生,6天前,忠孝敦化站,296
258,🏆MRT西門成都內江誠品美寓優選🏆,13471320,獨立套房,3F/4F,"11,998",萬華區,仲介,6,林小姐,10小時內,西門站,305
259,近港墘捷運站雅致陽光通風套房,13479191,獨立套房,4F/5F,"9,800",內湖區,仲介,6,黃先生,18小時內,港墘站,442
260,建國北路一段17巷近北科大捷運松江南京站,13476854,獨立套房,2F/3F,"9,000",中山區,屋主,5,陳小姐,19小時內,忠孝新生站,685
261,電梯獨立套房位南京長安東新生中山北路交便,13476275,獨立套房,5F/7F,"10,000",中山區,屋主,8,王先生,12小時內,松江南京站,585
262,善導寺站/小資首選.電梯大樓,13475991,獨立套房,5F/7F,"10,000",中山區,仲介,6,林小姐,18小時內,善導寺站,618
263,🌈雙連/可寵/可入戶籍/通透套房,13475916,獨立套房,2F/3F,"10,500",大同區,仲介,6,馮小姐,21小時內,大橋頭站,504
264,◎可寵◎雙人床可住兩人◎捷運南京三民站◎,13475856,獨立套房,2F/3F,"9,000",松山區,仲介,7,高先生,昨日,南京三民站,384
265,南港區玉成公園旁報稅好宅2樓,13475527,獨立套房,2F/3F,"9,500",南港區,屋主,8,劉小姐,11天前,後山埤站,768
266,信義安和/可貓/黃金地段/機能好/對外窗,13475431,獨立套房,4F/4F,"11,498",大安區,仲介,5,謝先生,19小時內,信義安和站,425
267,捷運南京復興3分鐘/台電.台水帳單,13475072,獨立套房,5F/5F,"12,000",中山區,仲介,6,莊先生,21小時內,南京復興站,269
268,捷運台電大樓站1分【師大首選】獨立洗衣機,13475020,獨立套房,4F/5F,"9,499",大安區,仲介,5,黃先生,15小時內,台電大樓站,207
269,*後山埤二分鐘採光套房，天然瓦斯，機能優,13474382,獨立套房,頂樓加蓋/5F,"9,000",南港區,仲介,6,邰先生,17小時內,後山埤站,177
270,溫馨電梯套房，捷運龍山寺站步行3分鐘,13473812,獨立套房,6F/6F,"11,500",萬華區,代理人,7,李先生,7小時內,龍山寺站,233
271,可養寵物，近捷運東湖站.生活機能棒.,13473543,獨立套房,3F/5F,"9,500",內湖區,仲介,5,王先生,12小時內,東湖站,149
272,離萬隆捷運4號出口近1分鐘,13472757,獨立套房,1F/5F,"10,000",文山區,屋主,6,王先生,20小時內,萬隆站,253
273,近北醫吳興國小信義國中獨立套房*限女性,13472467,獨立套房,2F/4F,"9,000",信義區,屋主,4,張小姐,16天前,象山站,692
274,💖MRT西門成都內江誠品美寓優選💖,13471290,獨立套房,3F/4F,"11,998",萬華區,仲介,6,林小姐,9小時內,西門站,352
275,優質小套房北投捷運交通便利適合一人居住,13471054,獨立套房,1F/2F,"10,800",北投區,屋主,5,高先生,16天前,新北投站,338
276,四通八達松山火車站優質獨立套房,13471135,獨立套房,2F/5F,"12,000",信義區,代理人,6,俞先生,7小時內,松山站,447
277,*雙捷運*採光大空間*獨立洗衣機*飲水機,13470928,獨立套房,4F/4F,"11,000",內湖區,仲介,8,邰先生,17小時內,東湖站,541
278,松山區光復南路套房安靜交通便捷購物方便,13470774,獨立套房,5F/5F,"9,000",松山區,屋主,10,簡爸爸,2天前,國父紀念館站,440
279,近崑陽捷運2分.開心喜悅安靜房鄰全聯綠地,13470640,獨立套房,2F/3F,"9,955",南港區,屋主,6,何小姐,8小時內,後山埤站,559
280,長春中原黃金景觀套房,13469992,獨立套房,6F/7F,"12,000",中山區,屋主,7,吳小姐,17天前,行天宮站,559
281,吳興街獨立套房出租,13468485,獨立套房,4F/4F,"9,500",信義區,屋主,5,何先生,7小時內,台北101/世貿站,496
282,八德路四段二樓套房,13468455,獨立套房,2F/3F,"10,000",松山區,仲介,4.5,何先生,18小時內,南京三民站,471
283,★短租另議★北門捷運★垃圾代收★晒衣空間,13468431,獨立套房,頂樓加蓋/4F,"10,000",大同區,仲介,6,洪先生,13小時內,台北車站,316
284,南京三民、饒河夜市、京華城、家樂福,13468247,獨立套房,2F/2F,"10,000",松山區,仲介,6,陳先生,12小時內,南京三民站,471
285,林森超值套房.善導寺.松江南京.中山站,13468103,獨立套房,5F/7F,"10,000",中山區,仲介,6,白小姐,9小時內,善導寺站,488
286,近東湖捷運站，走路5分鐘可到，機能方便,13467166,獨立套房,1F/4F,"12,000",內湖區,屋主,4.2,林先生,7小時內,東湖站,289
287,近台北醫學院套房出租，生活機能佳！,13465844,獨立套房,1F/4F,"11,000",信義區,屋主,5,蔡先生,18天前,麟光站,570
288,北醫大旁◆超值套房◆採光佳廁所對外窗,13463967,獨立套房,4F/5F,"11,990",信義區,仲介,6,吳先生,18小時內,麟光站,634
289,30秒就到捷運站超大套房,13462510,獨立套房,5F/5F,"10,000",內湖區,屋主,6,鍾小姐,18天前,內湖站,101
290,東區微風藍線商圈小套房,13462390,獨立套房,4F/4F,"12,000",大安區,屋主,4,林先生,18天前,忠孝復興站,336
291,精緻套房出租,13462013,獨立套房,5F/5F,"12,000",信義區,屋主,6,李老師,7小時內,台北101/世貿站,367
292,汀州路一段鄰近東吳大學，文化大學（城區部,13461529,獨立套房,1F/3F,"11,000",中正區,屋主,8,楊媽媽,7小時內,植物園站,211
293,台電大樓/師大/乾淨/整新/對外窗,13460753,獨立套房,頂樓加蓋/4F,"11,795",中正區,仲介,5,謝先生,19小時內,台電大樓站,495
294,龍山寺/交通便利/報稅可寵/申請補助,13458177,獨立套房,頂樓加蓋/4F,"12,000",萬華區,仲介,8,邱先生,5天前,龍山寺站,264
295,永春捷運，採光套房，對外窗，獨立洗,13457777,獨立套房,3F/4F,"9,499",信義區,仲介,6,吳先生,19小時內,永春站,348
296,近內科文德捷運站生活機能佳*獨立洗衣機,13445655,獨立套房,頂樓加蓋/4F,"12,000",內湖區,屋主,8,林小姐,7小時內,文德站,338
297,文德站，新裝潢，內科旁，採光佳,13455612,獨立套房,3F/4F,"11,997",內湖區,仲介,8.5,江先生,21小時內,文德站,262
298,★可短租★水泥隔音★電梯★京站旁,13454682,獨立套房,5F/5F,"11,150",大同區,仲介,5,洪先生,21小時內,台北車站,141
299,737巷X弄X號,13453269,獨立套房,頂樓加蓋/5F,"9,500",內湖區,屋主,5,石小姐,20天前,港墘站,374
300,榮星花園、新裝潢採光、獨洗/垃圾代收,13452527,獨立套房,3F/4F,"9,499",中山區,仲介,6,邵先生,21小時內,中山國中站,759
301,獨立洗衣機，復興崗捷運站通風安靜單人套房,13437852,獨立套房,4F/5F,"9,200",北投區,屋主,6,陳小姐,7小時內,復興崗站,471
302,"近文德捷運站,內科,碧湖公園套房",13451181,獨立套房,3F/4F,"12,000",內湖區,屋主,8,張先生,7小時內,文德站,262
303,捷運中山國小超值首選採光佳生活便利,13450389,獨立套房,5F/5F,"11,000",中山區,仲介,6.5,租屋專員,18小時內,中山國小站,283
304,全新裝潢獨立套房，1樓及B1獨立進出方便,13449336,獨立套房,1F/5F,"12,000",北投區,屋主,20,李先生電話0922-088866,3天前,唭哩岸站,492
305,市政府、代收垃圾、可申請補助、入戶籍,13345019,獨立套房,2F/2F,"11,988",信義區,仲介,7,陳先生,12小時內,市政府站,331
306,*中山國小超值採光，生活機能優，可寵,13447674,獨立套房,5F/5F,"9,000",中山區,仲介,6,邰先生,17小時內,中山國小站,283
307,"內科對面,獨立洗衣機,港墘站,通風採光佳",13447121,獨立套房,6F/6F,"12,000",內湖區,屋主,8,柯先生,7小時內,港墘站,366
308,玉成街後山埤捷運站走路3分鐘獨立套房,13445533,獨立套房,1F/3F,"10,000",南港區,屋主,5,蔡先生,7小時內,後山埤站,261
309,小資女幸福套房,13441820,獨立套房,6F/6F,"12,000",文山區,屋主,15,蔡先生,7小時內,萬芳醫院站,513
310,套房(水泥隔間.代收垃圾.獨洗.對外窗),13440758,獨立套房,2F/5F,"11,000",大同區,代理人,7,謝先生,13小時內,台北車站,427
311,泰順街走路五分鐘就到師大的便宜套房,13438891,獨立套房,4F/4F,"12,000",大安區,屋主,9,陳先生,7天前,師大綜合大樓站,139
312,南港展覽館*獨立洗衣機*對外窗*採光套房,13436444,獨立套房,頂樓加蓋/5F,"10,000",南港區,仲介,6,邰先生,17小時內,南港展覽館站,453
313,景美來來社區,13436156,獨立套房,頂樓加蓋/5F,"12,000",文山區,屋主,7,蔡先生,10天前,萬芳醫院站,548
314,捷運永春站★變頻冷氣★全新裝潢★有對外窗,13436150,獨立套房,4F/4F,"12,000",信義區,仲介,6.5,陳先生,10小時內,永春站,591
315,精緻裝潢大空間個人洗衣機,13433563,獨立套房,4F/4F,"11,000",士林區,代理人,6,羅小姐,12小時內,芝山站,772
316,世新大學美套房、採光佳、傢俱全,13421462,獨立套房,2F/2F,"12,000",文山區,仲介,8,劉先生,2天前,復興派出所站,79
317,忠孝新生/黃金地段/對外窗/戶數少/超值,13432930,獨立套房,頂樓加蓋/4F,"9,998",大安區,仲介,4,謝先生,19小時內,大安森林公園站,446
318,全新裝潢租屋，靠近行天宮捷運站和松江市場,13432355,獨立套房,2F/4F,"9,500",中山區,屋主,7,邱先生,4天前,行天宮站,215
319,北醫、吳興商圈、對外窗、生活機能佳,13431622,獨立套房,4F/5F,"11,988",信義區,仲介,4,陳先生,12小時內,麟光站,634
320,捷運台電大樓走2分、公車站牌1分、近台大,13430624,獨立套房,3F/5F,"11,500",大安區,屋主,6,林先生,5天前,台電大樓站,211
321,世貿101，空間大，北醫吳興商圈，採光,13430174,獨立套房,頂樓加蓋/4F,"10,800",信義區,仲介,8,沈先生,3天前,吳興街派出所站,30
322,士林區精華地段全新套房臨士林夜市捷運站,13426522,獨立套房,5F/5F,"9,000",士林區,屋主,7,陳太太,26天前,士林站,476
323,近北門站/官方賴預約時間/詳情文宣說明,13423080,獨立套房,1F/5F,"10,000",大同區,仲介,6,林先生,21小時內,台北車站,473
324,龍山寺/對外窗/乾淨/垃圾代收/電梯,13422143,獨立套房,4F/12F,"9,000",萬華區,仲介,4,謝先生,19小時內,龍山寺站,297
325,麗山街優質套房,13421605,獨立套房,5F/5F,"10,500",內湖區,屋主,8,姜先生,17天前,港墘站,288
326,雙捷運！師大分部！包水電！學生首選！速洽,13421311,獨立套房,1F/1F,"9,000",文山區,仲介,6,黃先生,2天前,師大分部站,191
327,😍龍山寺站😍可寵✨乾溼分離✨垃圾代收,13421112,獨立套房,1F/5F,"11,050",萬華區,仲介,6,加賴專員服務,12小時內,龍山寺站,506
328,南京復興捷運站旁獨立套房(附家具),13420597,獨立套房,3F/4F,"12,000",中山區,屋主,5,游先生,7小時內,南京復興站,566
329,頂樓加蓋，獨立陽台,13418074,獨立套房,頂樓加蓋/5F,"9,500",內湖區,代理人,8.5,王小姐,3天前,東湖站,284
330,全新百萬裝潢飯店套房,13417672,獨立套房,5F/14F,"12,000",中正區,屋主,12,楊老師,昨日,台電大樓站,289
331,我家就是你家，東湖3號口2分鐘，全新套房,13416119,獨立套房,B1/5F,"9,000",內湖區,屋主,9,李先生,7小時內,東湖站,164
332,永春捷運一樓雅緻套房,13415551,獨立套房,1F/5F,"12,000",信義區,仲介,6,游先生,7天前,永春站,128
333,永春捷運一樓雅緻套房,13415519,獨立套房,1F/5F,"12,000",信義區,仲介,6,游先生,10天前,永春站,128
334,⭐龍山寺站⭐家樂福/採光好/可寵共享公寓,13415022,獨立套房,3F/5F,"10,500",萬華區,仲介,5,柯先生,21小時內,龍山寺站,341
335,近內科邊間2樓，採光佳,13411646,獨立套房,2F/5F,"10,000",內湖區,屋主,6,董先生,15小時內,港墘站,195
336,民權林森、中山國小站旁獨立套房,13409723,獨立套房,2F/5F,"11,000",中山區,屋主,7,劉先生,29天前,中山國小站,196
337,近古亭站/官方賴預約時間/詳情文宣說明,13407048,獨立套房,4F/5F,"9,000",中正區,仲介,5,宋先生,21小時內,古亭站,615
338,有電梯西門町捷運步行6分鐘套房,13406880,獨立套房,7F/10F,"10,500",萬華區,屋主,7,王先生,7天前,西門站,434
339,近劍潭站/官方賴預約時間/詳情文宣說明,13406053,獨立套房,3F/5F,"10,500",士林區,仲介,6.5,林先生,21小時內,劍潭站,438
340,*南港展覽館*獨立洗衣機*對外窗*採光優,13404116,獨立套房,頂樓加蓋/5F,"10,000",南港區,仲介,7,邰先生,17小時內,南港展覽館站,453
341,"北醫吳興街,採光,通風,沙發,空間大",13403400,獨立套房,頂樓加蓋/4F,"10,800",信義區,仲介,7,林先生,8天前,台北101/世貿站,554
342,清幽乾淨一樓大套房(禁菸禁寵物),13401768,獨立套房,1F/5F,"11,000",內湖區,代理人,9,魏先生,22小時內,西湖站,573
343,超亮🍎大面窗🍎全新洗衣機,13401000,獨立套房,5F/5F,"10,000",內湖區,仲介,5,游小姐,30天前,內湖站,412
344,南京麥當勞後/精華區/無仲介費,13400508,獨立套房,4F/4F,"10,000",中山區,屋主,6,黃先生,17小時內,中山站,538
345,全新套房出租距士林站1分鐘生活機能方便,13395861,獨立套房,2F/3F,"11,000",士林區,屋主,7,趙先生,32天前,士林站,140
346,信義區獨衛小套房近世貿站四四南村,13090470,獨立套房,2F/2F,"12,000",信義區,仲介,5,鄒先生,19小時內,台北101/世貿站,339
347,文山優良套房，近中國科大/辛亥捷運站,13328921,獨立套房,5F/5F,"12,000",文山區,屋主,5,陳先生,7小時內,辛亥站,591
348,高級豪華套房,13302492,獨立套房,4F/8F,"9,300",松山區,屋主,8,張小姐,7小時內,松山站,173
349,台電大樓古亭雙捷運木質地板和風公寓套房,13156191,獨立套房,2F/4F,"12,000",中正區,仲介,6,小明先生,22小時內,古亭站,551
0,★近海山捷運站★整套傢俱★機能優★採光好,13556378,獨立套房,5F/5F,"11,500",土城區,屋主,7.5,謝先生,19分鐘內,海山站,647
1,頂溪商圈.電梯.採光好.空間寬敞,13555741,獨立套房,3F/7F,"11,999",永和區,仲介,8.3,張先生,8小時內,頂溪站,337
2,"近景安捷運站,生活機能佳!",13555362,獨立套房,4F/7F,"11,000",中和區,屋主,8,高先生,10小時內,景安站,214
3,獨立洗衣機、可貓、裝潢新、對外窗,13555379,獨立套房,3F/4F,"12,000",板橋區,仲介,5,張先生,8小時內,江子翠站,238
4,三重區/菜寮捷運站/獨立洗曬/寵物可貓,13555360,獨立套房,4F/5F,"12,000",三重區,仲介,8,張先生,10小時內,菜寮站,187
5,獨立洗衣機、可寵物、可短租、對外窗,13555356,獨立套房,3F/4F,"12,000",板橋區,仲介,7.5,張先生,8小時內,江子翠站,238
6,三和國中捷運自強路仁愛街採光美套房,13555153,獨立套房,4F/5F,"11,000",三重區,仲介,5,陳小姐,11小時內,三和國中站,656
7,捷運丹鳳【秒殺租案】大面採光★獨洗衣機,13553951,獨立套房,4F/5F,"10,499",新莊區,仲介,7,許先生,14小時內,丹鳳站,480
8,捷運幸福站旁私有陽台獨立大套房,13553890,獨立套房,5F/5F,"9,700",新莊區,仲介,7,胡先生,14小時內,幸福站,294
9,可租補報稅和風套房自租代收垃圾近智光商圈,13553207,獨立套房,3F/4F,"9,500",永和區,屋主,5,顧小姐,7小時內,景平站,499
10,近板橋車站住戶單純鬧中取靜電五元,13552476,獨立套房,1F/3F,"11,000",板橋區,代理人,6.3,楊先生,12小時內,板橋站,240
11,土城捷運站3分鐘雅緻小豪宅[金城雅緻園],13552427,獨立套房,6F/18F,"11,500",土城區,代理人,10,王小姐,17小時內,土城站,311
12,免仲介費）捷運新莊【超值租案】採光*獨洗,13552202,獨立套房,2F/4F,"9,799",新莊區,仲介,6,許先生,18小時內,新莊站,797
13,免仲介費）捷運新莊【超值租案】採光*獨洗,13552185,獨立套房,2F/4F,"10,499",新莊區,仲介,6,許先生,18小時內,新莊站,797
14,捷運低樓層溫馨套房，生活機能佳，限女性,13552116,獨立套房,2F/3F,"10,000",三重區,代理人,7,林小姐,11小時內,三重國小站,548
15,近捷運新莊站◆超值套房◆獨洗大面採光,13552104,獨立套房,5F/5F,"9,998",新莊區,仲介,7,黃先生,18小時內,新莊站,544
16,全新裝潢採光好水泥隔間可開伙養寵獨立套房,13551928,獨立套房,3F/4F,"9,500",板橋區,仲介,7,黃小姐,18小時內,府中站,416
17,方正可寵套房-採光通風-家電齊全-機能優,13551875,獨立套房,3F/5F,"11,000",三重區,仲介,7,藍先生,18小時內,三重國小站,592
18,板橋海山精美套房.鄰近中和環球,13551844,獨立套房,5F/5F,"11,000",板橋區,仲介,8,王先生,18小時內,板新站,789
19,南勢角站、流理台、獨立洗脫烘,13551700,獨立套房,5F/6F,"12,000",中和區,仲介,6.5,陳先生,12小時內,站,0
20,"中和站,近捷運採光套房,家具全獨立衛浴",13551676,獨立套房,4F/5F,"10,999",中和區,仲介,9,林小姐,19小時內,中和站,18
21,方正可貓套房-獨立洗衣機家電齊全-近捷運,13551660,獨立套房,5F/5F,"10,500",三重區,仲介,5,藍先生,19小時內,菜寮站,413
22,景安站/中和四面佛、獨立廚房/洗衣機,13502850,獨立套房,4F/5F,"11,988",中和區,仲介,6.5,陳先生,12小時內,南勢角站,380
23,低樓層免爬高大套房-格局方正，大對外窗,13551252,獨立套房,2F/5F,"12,000",蘆洲區,仲介,10,黃先生,20小時內,三民高中站,515
24,近蘆洲三民高中捷運舒適便利寧靜採光佳套房,13551190,獨立套房,3F/5F,"11,500",蘆洲區,代理人,7,Sunny,20小時內,蘆洲站,572
25,★短租另議★捷運蘆洲★可貓★凸窗晒衣,13551178,獨立套房,3F/4F,"11,500",蘆洲區,仲介,6,洪先生,20小時內,蘆洲站,572
26,近捷運台北橋站【全新裝潢】超值*乾溼分離,13550493,獨立套房,3F/4F,"9,499",三重區,仲介,6,曾先生,21小時內,菜寮站,468
27,三重優質全新套房全新家電家具生活機能佳,13549891,獨立套房,3F/4F,"10,000",三重區,屋主,6,林先生,22小時內,三重國小站,541
28,台北橋三重第一站，近捷運站公車站,13549887,獨立套房,3F/4F,"10,000",三重區,屋主,8,陳先生,22小時內,台北橋站,394
29,龍華輔大/5分鐘迴龍站,13549822,獨立套房,1F/9F,"11,000",新莊區,屋主,6,宋先生,21小時內,迴龍站,30
30,獨立洗衣，超大對外窗，近新埔捷運大漢橋,13549815,獨立套房,4F/4F,"10,999",板橋區,代理人,8,王先生,23小時內,環狀線新埔民生站,338
31,中和站🌈實惠套房❤️獨衛含水網路第四台,13549802,獨立套房,4F/5F,"11,000",中和區,仲介,9,黃先生,13小時內,中和站,82
32,近菜寮站約8分鐘★優質大套房★限女,13549743,獨立套房,3F/4F,"10,500",三重區,代理人,8,盧先生,7小時內,菜寮站,455
33,近新莊捷運站♥電梯大套房♥歡迎養貓養狗,13549741,獨立套房,5F/6F,"9,500",新莊區,代理人,7.9,詹先生,18小時內,新莊站,204
34,捷運頂溪站【秒殺租案】大面採光★獨洗衣機,13549560,獨立套房,6F/7F,"10,999",永和區,仲介,13,薛小姐,22小時內,頂溪站,690
35,台北橋捷運/簡約美套房/獨立洗衣機,13549336,獨立套房,4F/4F,"12,000",三重區,仲介,8,蘇小姐,15小時內,台北橋站,175
36,頂埔國小對面*上班搭捷運一定有位置睡,13549135,獨立套房,4F/4F,"11,000",土城區,仲介,7,廖先生,3小時內,頂埔站,664
37,景安站優質套房出租,13548946,獨立套房,5F/5F,"9,000",中和區,屋主,6,陳先生,2天前,景安站,366
38,獨立大套房_四維市場、鴻金麻吉寶影城,13548913,獨立套房,3F/4F,"12,000",新莊區,代理人,8,陳小姐,2天前,丹鳳站,581
39,日月光優質套房,13548315,獨立套房,1F/5F,"9,500",土城區,屋主,6,林先生,2天前,土城站,570
40,迴龍捷運3號出口，到站就到家,11484282,獨立套房,1F/7F,"9,000",新莊區,屋主,6,劉先生,7小時內,迴龍站,234
41,電梯全配自強正義北路商圈,13547103,獨立套房,5F/12F,"11,500",三重區,屋主,7,鄭先生,2天前,三重國小站,636
42,板橋府中捷運一房一廳陽台大套房,13546635,獨立套房,5F/5F,"10,500",板橋區,屋主,10,江先生,2天前,民族區運路口站,26
43,近南勢角捷運站興南夜市立可入住,13541129,獨立套房,4F/4F,"12,000",中和區,屋主,10,安先生,2小時內,南勢角站,195
44,南勢角捷運站全新優質套房有飲水機,13512784,獨立套房,5F/6F,"12,000",中和區,仲介,6,林先生,2小時內,南勢角站,258
45,新莊思源路捷運400M，近輔大，套房出租,13546139,獨立套房,3F/5F,"9,500",新莊區,屋主,5,黃先生,18小時內,幸福站,435
46,低樓層~免爬梯~近捷運~機能優~近重陽橋,13545148,獨立套房,1F/5F,"9,000",三重區,仲介,5,李先生,18小時內,三和國中站,619
47,蘆洲全新裝修電梯大樓套房近捷運站,13544772,獨立套房,頂樓加蓋/6F,"10,000",蘆洲區,屋主,7,周先生,2天前,徐匯中學站,460
48,新埔站-精緻大套房有對外窗獨立洗衣機!,13544235,獨立套房,頂樓加蓋/5F,"9,500",板橋區,代理人,9,連先生,15小時內,環狀線新埔民生站,550
49,採光明亮大空間/獨立洗衣機/國光路交叉口,13544120,獨立套房,4F/5F,"10,500",板橋區,仲介,6,李先生,3天前,板橋站(環狀線)站,481
50,南勢角站精緻套房獨洗大片對外窗可貓咪,13544079,獨立套房,5F/5F,"10,999",中和區,代理人,6.5,連先生,15小時內,南勢角站,636
51,近新埔民生站對外窗獨立洗衣機乾淨舒適,13543090,獨立套房,4F/4F,"11,000",板橋區,代理人,7,李小姐,19小時內,環狀線新埔民生站,332
52,走路景安站❤可貓溫馨套房❤低樓層機能佳❤,13542823,獨立套房,2F/4F,"12,000",中和區,仲介,7,曾小姐,20小時內,景安站,223
53,大坪林捷運站世新大學2樓優質套房,13542159,獨立套房,1F/3F,"9,500",新店區,屋主,5,黃媽媽,3天前,大坪林站,379
54,獨立花園套房,13541805,獨立套房,1F/3F,"12,000",新店區,屋主,16,張小姐,2小時內,新店站,627
55,近捷運永安市場◆超值套房◆採光佳機能優,13541717,獨立套房,4F/5F,"10,500",永和區,仲介,8,趙先生,18小時內,永安市場站,362
56,北歐風!!!近捷運站|獨洗,13541667,獨立套房,6F/6F,"10,901",三重區,代理人,11.2,劉先生,13小時內,三和國中站,376
57,近菜寮捷運站獨立套房,13541589,獨立套房,5F/5F,"9,000",三重區,代理人,8.8,謝先生,13小時內,菜寮站,348
58,三重區近忠孝橋對外窗可安靜寵2樓雙人套房,13541368,獨立套房,2F/4F,"10,500",三重區,屋主,6,吳先生,3天前,菜寮站,679
59,近捷運站、公園旁、環境佳、採光、通風好,13541136,獨立套房,2F/4F,"9,500",新店區,屋主,6,黃小姐,7小時內,七張站,420
60,近江翠站/垃圾代收/鬧中取靜/住戶單純,13540645,獨立套房,3F/5F,"12,000",板橋區,代理人,8.1,楊先生,20小時內,江子翠站,496
61,低樓層方正採光好/一層兩戶/可養寵物,13540437,獨立套房,3F/5F,"11,000",三重區,仲介,7,簡先生,17小時內,三重國小站,592
62,可養貓方正採光好-全新變頻冷氣-近捷運,13540365,獨立套房,5F/5F,"9,000",三重區,仲介,5,簡先生,3天前,三和國中站,335
63,一樓免爬梯方正屋況優-採光通風好-近捷運,13540349,獨立套房,1F/2F,"9,500",三重區,仲介,5,簡先生,3天前,徐匯中學站,242
64,格局方正採光好戶數少-獨立洗衣機-近捷運,13540332,獨立套房,5F/5F,"10,500",三重區,仲介,7,簡先生,3天前,菜寮站,413
65,可養貓方正採光好-全新變頻冷氣-近捷運,13540310,獨立套房,5F/5F,"9,500",三重區,仲介,5,簡先生,3天前,三和國中站,335
66,格局方正屋況優採光好-獨立洗衣機-近捷運,13540304,獨立套房,頂樓加蓋/4F,"11,000",蘆洲區,仲介,6,簡先生,3天前,三民高中站,435
67,可養寵格局方正屋況優-採光通風好-近捷運,13540300,獨立套房,4F/5F,"12,000",三重區,仲介,8,簡先生,3天前,台北橋站,461
68,交通便利.獨立套房出租,13540060,獨立套房,1F/2F,"9,000",永和區,代理人,7,陽小姐,19小時內,頂溪站,183
69,稀有出租搶先看鄰近商圈/市場/學校,13540049,獨立套房,1F/2F,"9,000",永和區,代理人,7,陽小姐,19小時內,頂溪站,183
70,蘆洲長榮路694號4F獨立套房出租,13539959,獨立套房,4F/4F,"11,000",蘆洲區,屋主,9,謝先生,7小時內,蘆洲站,566
71,可貓採光套房-家電齊全-近三和國中站,13539483,獨立套房,5F/5F,"9,500",三重區,仲介,5,藍先生,4天前,三和國中站,335
72,竹圍捷運精緻套房,13539122,獨立套房,3F/13F,"10,000",淡水區,屋主,7,盧先生,7小時內,竹圍站,242
73,頂溪捷運站3分鐘套房(一房一廳一衛一廚),13539133,獨立套房,4F/5F,"11,000",永和區,屋主,8,林小姐,4天前,頂溪站,156
74,【輔大套房優質首選】限輔大老師、學生,13538978,獨立套房,2F/4F,"11,000",新莊區,屋主,10,林太太,4天前,輔大站,290
75,超近捷運，二樓免爬高進出單純，詳租金優惠,13539015,獨立套房,2F/5F,"12,000",永和區,屋主,10,顧小姐,11小時內,永安市場站,270
76,★捷運府中★晒衣空間★可寵★短租議,13538803,獨立套房,2F/4F,"10,000",板橋區,仲介,6,洪先生,21小時內,府中站,416
77,全新裝潢_附家具_有對外窗_近夜市,13538736,獨立套房,1F/5F,"10,000",板橋區,仲介,10,林小姐,20小時內,府中站,590
78,捷運大坪林【獨立洗衣機】免爬高★乾溼分離,13538664,獨立套房,1F/5F,"10,999",新店區,仲介,6,薛小姐,22小時內,大坪林站,651
79,可寵-便宜套房屋-內空間寬敞-戶數少,13538630,獨立套房,3F/5F,"11,000",三重區,仲介,7,蕭先生,56分鐘內,三重國小站,592
80,設計師設計全新裝潢新傢俱套房丹鳳站,13487853,獨立套房,2F/3F,"10,000",新莊區,屋主,6,趙小姐,7小時內,丹鳳站,169
81,CP值最高輕豪宅!土城站走5分*全新整理,7565930,獨立套房,5F/5F,"10,000",土城區,屋主,7,盧太太,2小時內,土城站,472
82,近南勢角♥精緻套房♥獨洗♥可養貓,13535480,獨立套房,5F/6F,"11,000",中和區,代理人,5,廖先生,17小時內,中和派出所站,88
83,採光佳|近捷運|可貓|有天然氣,13535284,獨立套房,6F/6F,"10,000",蘆洲區,代理人,10.2,謝先生,13小時內,蘆洲站,629
84,一樓出入便利獨立套房(免仲介費),13535105,獨立套房,1F/3F,"9,800",永和區,仲介,7,文先生,16小時內,頂溪站,751
85,新埔民生站/獨立洗衣機/對外窗設備齊全,13535022,獨立套房,4F/4F,"11,000",板橋區,代理人,7,王小姐,19小時內,環狀線新埔民生站,380
86,近南山高中/永安市場站精緻套房,13534011,獨立套房,3F/5F,"9,000",中和區,屋主,6,陳小姐,19小時內,永安市場站,689
87,☎亞東漂亮套房☎屋況優低樓層☎,13533294,獨立套房,2F/5F,"9,000",板橋區,仲介,6,吳先生,20小時內,府中站,667
88,徐匯捷運Skypiea－時尚電梯套房,13532572,獨立套房,2F/5F,"9,000",三重區,代理人,6,王小姐,17小時內,徐匯中學站,354
89,捷運橋和站◆電梯套房◆獨洗採光佳★可寵,13532338,獨立套房,頂樓加蓋/5F,"9,998",中和區,仲介,7,黃先生,18小時內,橋和站,473
90,溫馨套房(新店市公所捷運站2分鐘),13531402,獨立套房,4F/4F,"10,800",新店區,屋主,7,陳小姐,20小時內,新店區公所站,192
91,近大坪林捷運精美套房,13532017,獨立套房,5F/6F,"10,500",新店區,屋主,5,孫小姐,7小時內,大坪林站,376
92,溫馨美宅！隔局方正！採光極佳!,13531498,獨立套房,3F/3F,"12,000",三重區,屋主,8,羅先生,14小時內,三重國小站,572
93,捷運中原站#飲水機#優質套房#可稅可補助,13531341,獨立套房,3F/3F,"11,999",中和區,仲介,6,黃先生,2天前,中原站,264
94,優質套房出租,13531128,獨立套房,4F/5F,"9,000",三重區,代理人,5,劉小姐,13小時內,三重國小站,359
95,小資秒殺套房！捷運景安超近！機能設備齊全,13531002,獨立套房,3F/5F,"9,500",中和區,仲介,5.5,黃先生,2天前,景安站,253
96,【房東自租】三和捷運大套房,13530978,獨立套房,4F/5F,"10,000",三重區,屋主,9,黃先生,7小時內,三和國中站,194
97,蘆洲市中心電梯套房,13530215,獨立套房,4F/14F,"11,000",蘆洲區,屋主,10,呂先生,7小時內,三民高中站,689
98,永和愛買旁全新時尚套房　愛的小窩情侶合租,13530198,獨立套房,5F/5F,"12,000",中和區,屋主,8,陳先生,2小時內,景平站,678
99,近七張捷運~獨立洗衣機～北新國小正對面,13530182,獨立套房,3F/4F,"12,000",新店區,仲介,10,林小姐,2天前,七張站,177
100,景安捷運.可短租.可寵物,13467863,獨立套房,2F/3F,"9,000",中和區,屋主,6,黃先生,3天前,南勢角站,262
101,全新正頂溪捷運站走路一分鐘陽光小豪宅,13529771,獨立套房,1F/2F,"12,000",永和區,屋主,10,林小姐,2天前,頂溪站,110
102,捷運南勢角1分【垃圾代收】獨洗★全新裝潢,13529239,獨立套房,2F/4F,"10,999",中和區,仲介,8,薛小姐,22小時內,景安站,326
103,近捷運丹鳳【獨立洗衣機】對外窗★四維商圈,13528663,獨立套房,4F/5F,"9,999",新莊區,仲介,7,許先生,22小時內,丹鳳站,498
104,時尚小豪宅(景安6分鐘)陽台+獨洗+廚具,13528342,獨立套房,4F/5F,"9,900",中和區,屋主,6,蘇小姐,2小時內,景安站,476
105,頂埔站小資族套房.走道窗,13528117,獨立套房,頂樓加蓋/4F,"11,000",土城區,仲介,7,魏小姐,2天前,頂埔站,647
106,*近捷運景安站*獨立洗衣機*對外窗*廚台,13527507,獨立套房,4F/5F,"11,500",中和區,屋主,7,鄭小姐,2小時內,景安站,567
107,近三和國中站約3分鐘低樓層優質套房,13527175,獨立套房,2F/6F,"9,700",三重區,代理人,7,盧先生,7小時內,三和國中站,193
108,新板特區板橋新站(近文化路)優質套房,13527150,獨立套房,3F/3F,"10,000",板橋區,屋主,8,劉小姐,2小時內,板橋站,483
109,公主風超美套房全新整理(有陽台),13526906,獨立套房,4F/5F,"10,800",新莊區,屋主,9,蘇小姐,7小時內,丹鳳站,584
110,可貓優質小資套房獨立曬衣空間機能好,13526458,獨立套房,5F/5F,"9,500",三重區,仲介,5,蕭先生,4小時內,三和國中站,335
111,可貓小資套房格局方正附近機能好,13526454,獨立套房,5F/5F,"9,000",三重區,仲介,5,蕭先生,4天前,三和國中站,335
112,明亮精緻套房出租中蘆洲捷運走路六分鐘,13525826,獨立套房,4F/4F,"9,200",蘆洲區,屋主,7,洪小姐,3天前,蘆洲站,554
113,可寵❤️三民高中站好近✨極美大套房✨,13525681,獨立套房,4F/5F,"11,800",蘆洲區,代理人,9,鄧先生,19小時內,三民高中站,474
114,㊣近南勢角捷運採光大套房,13524850,獨立套房,3F/4F,"12,000",永和區,屋主,8,游先生,7小時內,景平站,415
115,"十米巷寬重陽路豪華大套房,不看會後悔!",13524112,獨立套房,2F/5F,"9,000",三重區,屋主,6,呂小姐,7天前,菜寮站,625
116,徐匯中學站/北歐風套房/獨立洗衣機,13523957,獨立套房,頂樓加蓋/5F,"10,900",三重區,仲介,10,林先生,2天前,徐匯中學站,552
117,~溫馨裝潢~大面採光佳~獨洗,13523330,獨立套房,4F/4F,"10,000",蘆洲區,屋主,10,李先生,14小時內,三民高中站,424
118,中和站3分鐘.大潤發旁,13523241,獨立套房,3F/12F,"9,500",中和區,屋主,8,林小姐,7小時內,中和站,312
119,三和國中捷運站精品小套房(禁菸套房),13522972,獨立套房,3F/5F,"9,000",三重區,代理人,5.5,趙先生,7天前,三和國中站,651
120,☎亞東漂亮套房☎屋況優低樓層☎,13522305,獨立套房,2F/5F,"9,000",板橋區,仲介,6,吳先生,20小時內,府中站,667
121,捷運套房～地點佳免爬高鬧中取靜～可養寵物,13522265,獨立套房,1F/1F,"12,000",板橋區,代理人,12,劉先生,20小時內,府中站,634
122,超大套房，專屬洗脫烘，可寵，近捷運,13522147,獨立套房,4F/5F,"12,000",三重區,屋主,10,詹先生,12小時內,大智街口站,66
123,新莊捷運站走路2分鐘生活機能優套房,13521834,獨立套房,3F/4F,"9,800",新莊區,屋主,8,黃小姐,2小時內,新莊站,310
124,獨立套房近捷運公車站生活機能佳,13521479,獨立套房,1F/2F,"10,500",三重區,屋主,6,林先生,7小時內,徐匯中學站,365
125,一樓方正免爬梯-獨立陽台洗衣機-近捷運,13521328,獨立套房,1F/4F,"9,000",三重區,仲介,6,簡先生,3天前,三重國小站,272
126,一樓套房免爬梯-格局方正屋況優,13521297,獨立套房,1F/5F,"9,000",三重區,仲介,5,簡先生,3天前,三和國中站,619
127,可養貓方正採光好-全新變頻冷氣-近捷運,13521247,獨立套房,5F/5F,"10,500",三重區,仲介,6,簡先生,3天前,三和國中站,335
128,低樓層~大套房~近全聯~生活機能優~,13520603,獨立套房,2F/5F,"12,000",蘆洲區,仲介,10,李先生,18小時內,三民高中站,515
129,優質套房採光通風佳近捷運可貓咪,13520601,獨立套房,5F/5F,"9,000",三重區,仲介,5,李先生,18小時內,三和國中站,335
130,獨立凸窗獨立洗衣機近捷運可寵,13520585,獨立套房,4F/5F,"10,500",三重區,仲介,5,李先生,18小時內,三和國中站,285
131,方正優質套房-採光優-獨立洗衣機-近捷運,13520522,獨立套房,頂樓加蓋/4F,"11,000",蘆洲區,仲介,6,藍先生,4天前,三民高中站,435
132,方正採光套房-可養貓-家電齊全-近捷運,13520490,獨立套房,5F/5F,"10,500",三重區,仲介,6,藍先生,4天前,三和國中站,335
133,方正採光套房-低樓層-家電齊全-近捷運,13520465,獨立套房,1F/2F,"9,500",三重區,仲介,5,藍先生,4天前,徐匯中學站,339
134,方正採光大套房-低樓層-家電齊全-近捷運,13520457,獨立套房,2F/5F,"12,000",蘆洲區,仲介,10,藍先生,4天前,三民高中站,515
135,電梯3分鐘頂溪捷運近耕莘醫院有代收垃圾,13519129,獨立套房,2F/7F,"9,600",永和區,屋主,6.5,陳媽媽,7小時內,頂溪站,278
136,近景安站/官方賴預約時間/詳情文宣說明,13517855,獨立套房,9F/12F,"9,500",永和區,仲介,5,宋先生,21小時內,永安市場站,368
137,國光路包水包電套房-致理科大-超優惠,13517343,獨立套房,6F/6F,"11,000",板橋區,仲介,7,邱先生,4天前,板橋站,533
138,永安市場站☀️採光套房機能佳☀️天然瓦斯,13517166,獨立套房,4F/5F,"11,000",永和區,仲介,7,杜小姐,2天前,永安市場站,362
139,臨捷運8分鐘一房一廳一浴一陽台安靜大套房,13516843,獨立套房,3F/5F,"12,000",新莊區,屋主,12,張先生,7小時內,新莊站,771
140,捷運二樓全新裝潢套房可貓,13516620,獨立套房,2F/5F,"11,000",三重區,仲介,6,蘇先生,21小時內,三重國小站,398
141,搶手板橋大套房.有對外大窗採光一級棒！,13516505,獨立套房,5F/5F,"9,500",板橋區,屋主,8,張小姐,7小時內,亞東醫院站,793
142,獨立樓層優值生活便利套房出租,13515889,獨立套房,4F/4F,"9,500",三重區,屋主,12,張小姐,11小時內,三重國小站,432
143,中和南勢角捷運站獨立套房,13515674,獨立套房,5F/5F,"9,000",中和區,屋主,8,吳先生,8天前,景安站,298
144,國光和公館交叉口(露易莎)/獨立洗衣機,13514659,獨立套房,5F/5F,"11,000",板橋區,仲介,6,李先生,4天前,板橋站(環狀線)站,481
145,格局方正-近捷運-獨立曬衣空間,13514092,獨立套房,5F/5F,"9,000",蘆洲區,仲介,6,李先生,18小時內,三民高中站,369
146,優質套房採光通風佳近捷運可貓咪,13514087,獨立套房,5F/5F,"9,500",三重區,仲介,5,李先生,18小時內,三和國中站,335
147,採光通風佳~獨立洗衣曬衣空間~近捷運~,13514052,獨立套房,5F/5F,"10,500",三重區,仲介,7,李先生,18小時內,菜寮站,413
148,免爬梯~近捷運~機能優~,13514040,獨立套房,1F/2F,"9,500",三重區,仲介,5,李先生,18小時內,徐匯中學站,339
149,格局正-小吃林立-機能好-近捷運-,13514033,獨立套房,頂樓加蓋/4F,"11,000",蘆洲區,仲介,6,李先生,18小時內,三民高中站,435
150,優質套房採光通風佳近捷運可貓咪,13514025,獨立套房,5F/5F,"10,500",三重區,仲介,6,李先生,18小時內,三和國中站,335
151,乾淨明亮生活便利,13512692,獨立套房,4F/5F,"9,000",中和區,屋主,8,戴小姐,4小時內,南勢角站,518
152,獨立洗衣機~有陽台~,13512355,獨立套房,10F/12F,"11,000",中和區,仲介,8,廖先生,22小時內,中原站,377
153,獨立洗衣機~有陽台~,13512333,獨立套房,10F/12F,"11,000",中和區,仲介,8,廖先生,22小時內,中原站,377
154,優質套房★交通便利★近夜市公園,13512214,獨立套房,4F/5F,"10,300",三重區,屋主,9.5,姜先生,7小時內,三重國小站,514
155,"新北大道一段套房,電0933886468",13511976,獨立套房,4F/4F,"9,900",三重區,屋主,7,王小姐,9天前,菜寮站,273
156,板橋府中捷運全新大套房,13511586,獨立套房,4F/5F,"9,500",板橋區,屋主,7,江先生,9天前,民族區運路口站,26
157,南勢角捷運站，有流理臺可炊優質套房,13511005,獨立套房,5F/5F,"12,000",中和區,仲介,6.5,王先生,11分鐘內,南勢角站,380
158,南勢角捷運站，有流理臺可炊優質套房,13510987,獨立套房,5F/5F,"12,000",中和區,仲介,6.5,王先生,11分鐘內,南勢角站,380
159,全新裝修●全新家具《一樓套房》3號房,13510657,獨立套房,1F/3F,"9,800",新店區,仲介,9,楊先生,22小時內,新店區公所站,447
160,格局方正，採光明亮,13510607,獨立套房,5F/5F,"9,000",板橋區,代理人,6,范先生,9天前,亞東醫院站,609
161,英專路新裝潢套房！離夜市近！捷運站近！,13510544,獨立套房,3F/4F,"12,000",淡水區,屋主,5.8,林先生,昨日,淡水站,195
162,英專路新裝潢套房！離夜市近！捷運站近！,13510537,獨立套房,4F/4F,"12,000",淡水區,屋主,7,林先生,昨日,淡水站,195
163,"邊間一房一廳頂溪捷運站,挑高樓中樓",13509936,獨立套房,3F/3F,"12,000",永和區,屋主,12,張媽媽,19小時內,頂溪站,723
164,捷運大坪林.3分.超值租案.生活方便,13509080,獨立套房,頂樓加蓋/5F,"11,000",新店區,仲介,6,黃先生,7小時內,大坪林站,172
165,電梯明亮溫馨套房太平洋冠軍團隊文心,13508386,獨立套房,10F/12F,"9,500",中和區,仲介,7,林小姐,2天前,中原站,377
166,全新家俱可養寵物獨立套房,13507348,獨立套房,4F/5F,"10,000",三重區,代理人,6,魏先生,13小時內,三重國小站,432
167,近景安捷運站/溫馨套房/可炊,13507302,獨立套房,5F/5F,"12,000",中和區,屋主,6,陳小姐,7小時內,景安站,374
168,離公車捷運近的套房,13507121,獨立套房,3F/5F,"9,000",中和區,屋主,8,黃先生,6小時內,永安市場站,735
169,離公車捷運近的套房,13507082,獨立套房,2F/5F,"11,000",中和區,屋主,9,黃先生,6小時內,永安市場站,735
170,菜寮/機能佳/個人小套房,13506238,獨立套房,5F/5F,"9,000",三重區,仲介,10,林小姐,4天前,菜寮站,458
171,永和四號公園捷運套房,13506127,獨立套房,4F/5F,"9,000",中和區,屋主,6,張先生,10天前,永安市場站,392
172,近台北橋站/官方賴預約時間/詳情文宣說明,13505577,獨立套房,4F/4F,"9,000",三重區,仲介,5.5,林先生,21小時內,台北橋站,443
173,可養寵!!!獨立洗衣機有對外窗,13505555,獨立套房,2F/4F,"9,500",三重區,仲介,8,吳先生,21小時內,三重國小站,560
174,*汐止橫科*近南港展覽館*中華科大*套房,13505172,獨立套房,2F/5F,"12,000",汐止區,屋主,7,謝小姐,2小時內,南港展覽館站,590
175,世新大學、景美夜市、低樓層、獨立洗衣機,13504832,獨立套房,1F/5F,"9,800",新店區,仲介,6,劉先生,8天前,大坪林站,358
176,小碧潭站、新店高中、生活機能優、小資首選,13504819,獨立套房,4F/4F,"9,000",新店區,仲介,5,劉先生,8天前,小碧潭站,536
177,小碧潭站、獨立陽台、生活機能優、小資首選,13504808,獨立套房,4F/4F,"9,200",新店區,仲介,5,劉先生,8天前,小碧潭站,532
178,豪華套房近大坪林捷運站交通便利(E),13503860,獨立套房,5F/5F,"11,300",新店區,屋主,9,陳先生,7小時內,大坪林站,437
179,新裝修套房出租(鼎加)，近大坪林捷運站,13491092,獨立套房,5F/5F,"11,500",新店區,代理人,6.5,陳小姐,7小時內,大坪林站,520
180,近捷運中原站【優質租案】新裝潢*獨洗衣機,13502537,獨立套房,3F/3F,"11,799",中和區,仲介,6,薛小姐,22小時內,中原站,309
181,寶橋路旁北新國小對面近七張捷運家樂福,13501880,獨立套房,3F/4F,"9,500",新店區,仲介,6,林小姐,2天前,七張站,167
182,簡約風/舒適大套房/家電全,13500138,獨立套房,5F/5F,"10,500",蘆洲區,代理人,8,高先生,7小時內,蘆洲站,613
183,菜寮站/採光一房一廳/獨洗獨曬/可補助,13498976,獨立套房,5F/5F,"11,900",三重區,仲介,10,林先生,2天前,菜寮站,697
184,適合小資族獨立套房,13497617,獨立套房,6F/6F,"10,000",中和區,屋主,10,曾先生,7小時內,橋和站,676
185,頂埔捷運鴻海套房,13497526,獨立套房,2F/5F,"9,000",土城區,代理人,8,邱先生,5天前,頂埔站,102
186,生活機能完善、交通便利、刷卡門禁,13497372,獨立套房,2F/4F,"10,000",板橋區,屋主,8,楊小姐,7天前,新埔站,412
187,可貓優質大套房屋內空間寬敞機能好,13496940,獨立套房,5F/5F,"10,500",三重區,仲介,6,蕭先生,4天前,三和國中站,335
188,超級精美大套房_近海山捷運站_適合夫妻,13495290,獨立套房,5F/5F,"12,000",土城區,屋主,10,陳太太,3天前,海山站,512
189,全新精緻套房含獨立洗衣機網路第四台,13494266,獨立套房,4F/4F,"9,500",中和區,屋主,9,李先生,2小時內,中和站,58
190,全新電梯.收包裹.垃圾.獨立洗衣機,13493256,獨立套房,6F/10F,"11,000",中和區,屋主,10,王阿姨,9小時內,中原站,376
191,裝潢美屋，鄰近捷運站，生活機能佳,13493117,獨立套房,8F/11F,"10,000",板橋區,屋主,8,詹先生,2天前,府中站,343
192,永安捷運走路4分公園走路1分,13491365,獨立套房,頂樓加蓋/5F,"9,900",中和區,屋主,9,翁小姐,18小時內,永安市場站,330
193,🌼屋主光復橋🌼獨立洗衣🌼可寵物,13491841,獨立套房,5F/6F,"11,080",板橋區,屋主,11,林小姐,14小時內,板新站,688
194,典雅浪漫套房,13491662,獨立套房,2F/4F,"9,500",三重區,代理人,7,李小姐,7小時內,菜寮站,373
195,捷運景安、低樓層、獨立洗衣機、可貓,13491419,獨立套房,2F/4F,"12,000",中和區,仲介,7,租屋專員,2天前,景安站,223
196,中正路.提包入住.近運動場.可貓,13491006,獨立套房,3F/5F,"9,500",板橋區,仲介,6,呂小姐,19小時內,板橋站,696
197,6坪大套房全新裝潢獨立洗衣機,11572712,獨立套房,3F/3F,"12,000",三重區,屋主,6,趙先生,7小時內,三重國小站,589
198,一層3戶戶數少-獨立洗衣機-獨立曬衣空間,13489076,獨立套房,5F/5F,"10,500",三重區,仲介,5,蕭先生,4天前,菜寮站,413
199,中和保健路套房出租(近永安站/4號公園),13488552,獨立套房,3F/4F,"12,000",中和區,代理人,9,金小姐,昨日,景安站,540
200,捷運徐匯中學站北歐輕奢風全聯麥當勞,13487993,獨立套房,6F/6F,"10,901",三重區,屋主,10,房東,7小時內,徐匯中學站,552
201,捷運菜寮站忠孝橋環河南路近河濱公園,13487910,獨立套房,5F/5F,"11,918",三重區,屋主,10,房東,7小時內,菜寮站,690
202,近蘆洲站/官方賴預約時間/詳情文宣說明,13486973,獨立套房,5F/5F,"11,500",蘆洲區,仲介,7,林先生,21小時內,蘆洲站,473
203,非頂樓加蓋男女皆可走路3分鐘到永安,13486569,獨立套房,3F/3F,"12,000",永和區,屋主,8,廖先生,7小時內,永安市場站,103
204,捷運5分獨棟3樓裝潢新獨立陽台專用洗衣機,13486254,獨立套房,3F/5F,"12,000",中和區,屋主,8,王先生,12天前,南勢角站,483
205,~近土城捷運站，套房出租~,13485618,獨立套房,10F/13F,"12,000",土城區,屋主,6.5,魏先生,7小時內,土城站,288
206,近捷運站、公車站、一橋之隔台北市、公館,13482520,獨立套房,5F/5F,"9,500",永和區,屋主,8,陳小姐,14天前,頂溪站,341
207,設計公司的房子,13482111,獨立套房,5F/5F,"9,000",三重區,屋主,7,謝先生,13天前,菜寮站,458
208,近頂溪站及仁愛公園，溫馨明亮套房,13481347,獨立套房,4F/5F,"11,000",永和區,屋主,7,王太太,7小時內,頂溪站,755
209,捷運台北橋站【超值租案】新裝潢*乾溼分離,13481151,獨立套房,3F/4F,"9,499",三重區,仲介,6,曾先生,21小時內,菜寮站,468
210,三重優質全新套房全新家電家具生活機能佳,13480945,獨立套房,4F/5F,"10,000",三重區,屋主,6,林先生,22小時內,三重國小站,541
211,近頂溪捷運站套(109/10/09照片）,13480922,獨立套房,1F/2F,"9,600",永和區,屋主,5.5,莊小姐,14天前,頂溪站,405
212,國道路一段/低樓層小資套房,13479842,獨立套房,2F/2F,"9,000",三重區,仲介,8,郭先生,2小時內,三和國中站,503
213,捷運七張站優質套房(電費每度1.7元起),13479727,獨立套房,2F/4F,"10,000",新店區,代理人,7,房小姐,4天前,七張站,255
214,近府中捷運站，板橋熱區，生活機能超佳!!,13477691,獨立套房,8F/11F,"9,000",板橋區,屋主,7,詹先生,2天前,府中站,354
215,超低樓層免爬高屋況優採光好近捷運,13477105,獨立套房,1F/2F,"9,500",三重區,仲介,5,蕭先生,4天前,徐匯中學站,475
216,捷運大坪林2分【全新裝潢】採光*獨洗衣機,13475822,獨立套房,6F/6F,"10,999",新店區,仲介,7,沈先生,11小時內,大坪林站,214
217,板橋大套房.有對外窗採光一級棒！,13474692,獨立套房,4F/4F,"9,500",板橋區,屋主,8,張小姐,20小時內,府中站,692
218,全新飯店式獨立桶套房,13474050,獨立套房,5F/5F,"10,500",永和區,代理人,10,陳小姐,昨日,景平站,749
219,電梯明亮獨立套房,13472892,獨立套房,10F/12F,"9,500",中和區,仲介,7,謝小姐,16天前,中原站,420
220,正義北路新裝潢,13472680,獨立套房,2F/4F,"10,200",三重區,屋主,6.5,蔡先生,3天前,三重國小站,384
221,府中站旁.北歐風採光大套房,13471741,獨立套房,5F/5F,"10,800",板橋區,代理人,8,周小姐,2小時內,府中站,424
222,竹圍捷運站口#全配很棒#1年新屋,13471331,獨立套房,3F/5F,"12,000",淡水區,代理人,6,陳小姐,19小時內,竹圍站,109
223,大坪林精品設計套房(禁煙.寵物),13471198,獨立套房,5F/5F,"10,000",新店區,屋主,6.5,陳小姐,19小時內,十四張站,777
224,時尚簡約設計套房(禁寵、禁菸),13470884,獨立套房,3F/4F,"9,000",中和區,屋主,7.5,梁小姐,7小時內,華夏科技大學站,187
225,捷運大坪林超值首選採光佳獨立洗衣機機能好,13470491,獨立套房,頂樓加蓋/5F,"11,000",新店區,仲介,6,黃先生,18小時內,大坪林站,172
226,板橋車站正對面套房.三鐵共構,13470037,獨立套房,5F/9F,"10,000",板橋區,屋主,6,賴太太,3天前,板橋站,252
227,新裝潢套房水泥隔間生活機能佳，看房需約,13468072,獨立套房,4F/4F,"9,500",新店區,屋主,5,柯先生,7小時內,大坪林站,454
228,1分鐘到英專路商圈，10分鐘到淡水捷運站,13466980,獨立套房,4F/4F,"9,000",淡水區,屋主,9,林小姐,8小時內,淡水站,150
229,電梯套房近景安捷運站(24小時警衛),13466944,獨立套房,4F/14F,"9,700",中和區,屋主,5,鄭先生,7小時內,南勢角站,241
230,新板生活圈.全新家電.獨洗可曬衣,13463994,獨立套房,5F/5F,"11,500",板橋區,仲介,6,呂小姐,19小時內,板橋站,631
231,優質溫馨住家套房~有陽台包網路第四台等,13463922,獨立套房,2F/5F,"12,000",三重區,屋主,10,蔡先生,22小時內,修德國小站,146
232,菜寮站/秒殺房/寵物友善/採光套房,13463177,獨立套房,4F/5F,"11,900",三重區,仲介,10,林先生,3天前,菜寮站,309
233,精緻套房出租,13461728,獨立套房,3F/4F,"11,000",板橋區,屋主,8,洪小姐,21小時內,板橋站(環狀線)站,515
234,近新店區公所站/官方賴預約時間/詳情文宣,13457459,獨立套房,1F/4F,"9,000",新店區,仲介,6,宋先生,21小時內,小碧潭站,604
235,新北產業園區捷運套房有陽台,13456140,獨立套房,4F/5F,"9,500",新莊區,屋主,8,吳先生,13天前,新北產業園區站,503
236,江子翠捷運美套房,13454386,獨立套房,6F/6F,"11,500",板橋區,屋主,8,黃先生,7小時內,江子翠站,667
237,龍濱美宅*全新裝璜,13454115,獨立套房,4F/4F,"10,000",三重區,代理人,7.5,蔡先生,3天前,台北橋站,546
238,近黃線永安市場捷運站套房出租,13453350,獨立套房,3F/5F,"9,500",永和區,代理人,6,王小姐,7小時內,永安市場站,408
239,新埔捷運站二號出口步行7至8分套房,13453080,獨立套房,4F/5F,"9,500",板橋區,屋主,5.5,林小姐,14天前,新埔站,452
240,頂溪樓中樓套房交通方便生活機能佳,13452275,獨立套房,1F/12F,"11,500",永和區,屋主,5,王小姐,20天前,頂溪站,446
241,捷運三重國小，獨立洗衣獨曬，可養貓,13450177,獨立套房,4F/5F,"10,000",三重區,代理人,8,王先生,24小時內,三重國小站,470
242,對外窗獨立洗衣機/已次氯酸水清消,13448938,獨立套房,2F/5F,"9,000",新莊區,屋主,5,葉先生,2小時內,新北產業園區站,599
243,近南港展覽館捷運站機能佳通風優質獨立套房,13447951,獨立套房,5F/5F,"9,000",汐止區,屋主,5,劉小姐,8天前,南港展覽館站,617
244,徐匯中學附近二樓的獨立套房,13446219,獨立套房,2F/2F,"12,000",蘆洲區,仲介,8,黃小姐,22小時內,徐匯中學站,561
245,捷運站旁.可貓.獨洗,13446218,獨立套房,4F/5F,"11,976",三重區,代理人,11.8,劉先生,13小時內,菜寮站,370
246,舒適乾淨近雙捷運站，夜市公車站步行一分鐘,13445596,獨立套房,4F/5F,"9,000",三重區,屋主,6.5,周小姐,7小時內,台北橋站,442
247,新埔站四維商圈/雙對外窗/設備齊全,13444541,獨立套房,4F/5F,"10,000",板橋區,代理人,6,王小姐,19小時內,環狀線新埔民生站,45
248,蘆洲捷運=電梯套房=,13444423,獨立套房,頂樓加蓋/7F,"9,200",蘆洲區,代理人,7,曾先生,8小時內,蘆洲站,550
249,景安捷運站.小資族套房,13443530,獨立套房,5F/5F,"9,000",中和區,仲介,7,詹先生,12天前,景安站,254
250,光華路~2樓優質套房出租,13441665,獨立套房,2F/5F,"12,000",蘆洲區,代理人,7,陳先生,18小時內,三民高中站,798
251,捷運約3分鐘獨立大套房洗衣曬衣獨立,13440706,獨立套房,4F/4F,"11,500",中和區,仲介,9,李尚儒,3天前,南勢角站,399
252,『近捷運五分』對外採光，生活機能極，可貓,13440496,獨立套房,5F/5F,"10,500",三重區,屋主,6.6,王先生,24小時內,三和國中站,459
253,全新裝潢、全新家電捷運小豪宅(自租),13439496,獨立套房,2F/5F,"10,500",新店區,屋主,5,方先生,9小時內,新店站,135
254,全新三和夜市套房~三重國小捷運站10分鐘,13439484,獨立套房,4F/5F,"10,000",三重區,屋主,7,蔡小姐,21天前,三重國小站,381
255,新北市板橋區大豐街吉屋出租交通便利,13438661,獨立套房,5F/5F,"9,000",板橋區,屋主,4,吳先生,23天前,後埔國小(重慶路)站,168
256,"氣場好,磁場好,升官發財好格局,剩一間",13438510,獨立套房,4F/4F,"9,000",永和區,屋主,8.4,李先生,16小時內,景平站,476
257,"捷運台北橋站旁(福德北路口,近台北橋)",13437543,獨立套房,4F/5F,"9,800",三重區,屋主,8,姚小姐,7小時內,台北橋站,223
258,板橋星聚點對面,13437037,獨立套房,11F/11F,"10,500",板橋區,屋主,8,黃先生,19天前,府中站,132
259,"三重國小捷運站,捷運族,禁煙宅",13436066,獨立套房,2F/3F,"9,800",三重區,代理人,7,李小姐,7小時內,三重國小站,53
260,全新豪華套房台大公館新店景美過橋就到,13435394,獨立套房,5F/5F,"10,000",中和區,屋主,7,陳小姐,7小時內,秀朗橋站,422
261,透天厝獨立套房(單純不複雜）,13435371,獨立套房,2F/3F,"11,000",新莊區,屋主,8,謝小姐,2天前,頭前庄站,489
262,捷運菜寮站可貓中正新北正義三重體育館,13434281,獨立套房,4F/5F,"11,976",三重區,屋主,10,房東,7小時內,菜寮站,309
263,徐匯商圈風透透大套房,13434214,獨立套房,2F/2F,"9,500",三重區,仲介,6,陳柏霖,24天前,徐匯中學站,365
264,@對外窗@樓下公車站@頂樓可曬衣@對外窗,13421457,獨立套房,5F/5F,"9,000",三重區,仲介,6,承辦人員,18小時內,菜寮站,458
265,溫馨套房設備全獨洗對外窗屋況新近捷運,13432309,獨立套房,5F/5F,"10,000",新店區,屋主,6.5,吳小姐,2小時內,新店區公所站,486
266,景安站旁☀️採光可貓套房☀️獨立洗衣機,13432182,獨立套房,2F/4F,"12,000",中和區,仲介,7,杜小姐,2天前,景安站,223
267,頂溪站*樂華☀️1樓全新套房☀️垃圾代收,13432162,獨立套房,1F/5F,"11,000",永和區,仲介,5,杜小姐,2天前,頂溪站,197
268,永安捷運站5分鐘2樓採光套房,13431990,獨立套房,2F/5F,"10,200",中和區,代理人,6,陳先生,7小時內,永安市場站,428
269,寧靜溫馨全新完工設備齊全,13429991,獨立套房,5F/5F,"12,000",板橋區,屋主,7,陳先生,7小時內,亞東醫院站,473
270,七張捷運(3扇窗套房),13418346,獨立套房,5F/5F,"9,500",新店區,仲介,8,姜先生,2天前,七張站,561
271,低樓層優質大套房獨立曬衣空間近捷運,13427901,獨立套房,3F/5F,"12,000",三重區,仲介,8,蕭先生,4天前,菜寮站,328
272,中和環球百貨3分鐘,10106606,獨立套房,2F/3F,"12,000",板橋區,屋主,10,吳先生,26天前,板新站,580
273,可寵便宜小資套房附近機能好,13423891,獨立套房,頂樓加蓋/5F,"9,000",三重區,仲介,6,蕭先生,4天前,修德國小站,158
274,~有省級小房~小資超級首選,13423569,獨立套房,4F/5F,"9,000",三重區,屋主,7,羅先生,14小時內,三和國中站,359
275,大坪林公寓五樓獨立套房,13421791,獨立套房,5F/5F,"10,000",新店區,仲介,10,孫先生,3天前,大坪林站,433
276,近捷運，採光亮麗美套房.有獨立洗衣機.讚,13421785,獨立套房,5F/5F,"12,000",新店區,仲介,7,值班人員,22小時內,大坪林站,327
277,可寵套房格局方正近三和夜市捷運站,13419922,獨立套房,4F/4F,"12,000",三重區,仲介,6,蕭先生,4天前,台北橋站,461
278,低樓層獨洗大空間套房,13419627,獨立套房,3F/3F,"11,000",板橋區,代理人,7.1,黃先生,23小時內,板橋站(環狀線)站,624
279,捷運徐匯中學2分【全新裝潢】採光★洗衣機,13419476,獨立套房,2F/5F,"10,999",三重區,仲介,5,許先生,22小時內,徐匯中學站,248
280,徐匯捷運站獨立套房有窗2樓,13419246,獨立套房,2F/4F,"12,000",蘆洲區,屋主,8.5,陳先生,6天前,徐匯中學站,173
281,近捷運三重國小站、精美裝修小套房,13418865,獨立套房,3F/4F,"10,000",三重區,屋主,6,陳先生,21天前,三重國小站,634
282,低樓層免爬踢獨立大陽台獨立洗衣機,13417707,獨立套房,1F/4F,"9,000",三重區,仲介,7,蕭先生,4天前,三重國小站,272
283,格局方正屋況優獨立洗衣機近三民捷運站,13417687,獨立套房,頂樓加蓋/4F,"11,000",蘆洲區,仲介,6,蕭先生,4天前,三民高中站,435
284,中正路，智光商工對面，乾濕分離衛浴,13415856,獨立套房,2F/4F,"12,000",永和區,屋主,7,王先生,11小時內,景平站,475
285,新埔捷運旁一分鐘步行,13415744,獨立套房,3F/5F,"11,000",板橋區,屋主,7,沈先生,28天前,環狀線新埔民生站,116
286,捷運永安市場樂華夜市溫馨裝潢採光佳機能好,13415572,獨立套房,2F/4F,"11,000",中和區,仲介,9,租屋專員,18小時內,永安市場站,377
287,溫馨明亮獨立套房,13414773,獨立套房,頂樓加蓋/4F,"10,000",新店區,屋主,6,許先生,5天前,大坪林站,450
288,中正橋下、頂溪捷運站步行約10分鐘,13414486,獨立套房,6F/7F,"9,000",永和區,屋主,11,江太太,2小時內,頂溪站,703
289,有對外窗獨立套房低樓層，有小廚房,13414120,獨立套房,3F/4F,"12,000",新店區,屋主,7.5,鍾先生,6天前,七張站,644
290,蘆州區近徐匯捷運站三民高中站,13412708,獨立套房,4F/5F,"9,000",蘆洲區,屋主,8,高先生,2小時內,徐匯中學站,435
291,~捷運站7分鐘!!雙人溫馨套房,13412444,獨立套房,4F/5F,"9,000",蘆洲區,屋主,5,趙先生,7小時內,蘆洲站,492
292,板橋中山路2樓近板新捷運400m限女生,13410210,獨立套房,2F/3F,"10,000",板橋區,代理人,7,吳先生,7小時內,板新站,288
293,中研院南軟科技最佳套房,13409520,獨立套房,1F/7F,"10,000",汐止區,屋主,8.5,陳先生,7小時內,南港展覽館站,475
294,㊣近南勢角捷運採光大套房,13409390,獨立套房,4F/4F,"12,000",永和區,屋主,8,游先生,14天前,景平站,415
295,"捷運府中站,林家花園正對面,明亮優質套房",13409195,獨立套房,3F/4F,"9,900",板橋區,屋主,8,李先生,21天前,府中站,579
296,陽台溫馨套房,13408873,獨立套房,5F/5F,"10,000",蘆洲區,仲介,6,趙先生,29天前,三民高中站,408
297,永安市場站❤低樓層採光套房❤靜巷內❤,13408090,獨立套房,2F/4F,"11,000",中和區,仲介,9,曾小姐,20小時內,永安市場站,377
298,電梯套房(安靜)近台北市自用洗衣機近捷運,13407740,獨立套房,2F/6F,"9,500",三重區,屋主,9.5,林小姐,7小時內,三重站,678
299,捷運新店區公所站獨立套房,13406891,獨立套房,頂樓加蓋/4F,"11,000",新店區,屋主,8.5,林小姐,4天前,新店區公所站,473
300,高鐵捷運站獨立陽台洗衣機對外窗,13406384,獨立套房,5F/6F,"9,800",板橋區,屋主,7.5,顏先生,23小時內,板橋站(環狀線)站,500
301,南勢角獨立設備套房多間適親友合租,13406277,獨立套房,2F/4F,"11,000",中和區,代理人,8,林先生,22小時內,南勢角站,183
302,套房出租.近捷運站.多線公車.近北市,13405019,獨立套房,4F/5F,"9,000",三重區,屋主,7,劉小姐,5天前,三和國中站,655
303,近樂華夜市、頂溪永安捷運、生活機能強,13403647,獨立套房,4F/4F,"9,200",永和區,屋主,7.5,許小姐,7小時內,永安市場站,658
304,景安全新套房歡迎學生、上班族,13403265,獨立套房,4F/4F,"10,000",中和區,屋主,7,余小姐,7小時內,景安站,515
305,變頻冷氣，個人專用洗衣機，專人收垃圾,13402069,獨立套房,4F/5F,"9,200",新店區,仲介,5,朱先生,10小時內,十四張站,786
306,捷運優質套房出租，公寓一樓不用爬樓梯,13401322,獨立套房,1F/4F,"9,500",板橋區,屋主,5,李先生,7小時內,環狀線新埔民生站,318
307,全新裝潢超近捷運站五星級套房出租(1),7928221,獨立套房,7F/10F,"9,000",泰山區,屋主,7,錢先生,7天前,A6 泰山貴和站,397
308,江子翠捷運5分鐘單人床套房9500,13368804,獨立套房,3F/4F,"9,500",板橋區,屋主,6,沈國昌,2小時內,江子翠站,363
309,採光視野超好*輔大步行5分鐘電梯管理大樓,13221442,獨立套房,4F/12F,"11,500",新莊區,仲介,7,廖先生,2小時內,輔大站,435
0,北門站、女性首選、台電台水、大面窗,13551390,整層住家,頂樓加蓋/3F,"11,988",大同區,仲介,15.5,陳先生,12小時內,大橋頭站,768
0,三和國中捷運三重交流道一房一廳魔術大空間,13551761,整層住家,4F/4F,"11,000",三重區,代理人,9,邱先生,18小時內,三和國中站,717
1,捷運商圈~小資族首選,13523812,整層住家,5F/5F,"10,000",三重區,屋主,9,李先生,7小時內,三重國小站,209
2,3樓雅房、南勢角站350公尺、女性雅房,13447013,整層住家,6F/6F,"9,600",中和區,屋主,30,蘇小姐,7小時內,南勢角站,639
